id,Manufacturer,NHTSACampaignNumber,parkIt,parkOutSide,overTheAirUpdate,NHTSAActionNumber,ReportReceivedDate,Component,Summary,Consequence,Remedy,Notes,ModelYear,Make,Model
886,"VOLKSWAGEN OF AMERICA,INC","87V008000",0,0,0,,"03/01/1987","POWER TRAIN:AUTOMATIC TRANSMISSION:LEVER AND LINKAGE:FLOOR SHIFT","SUDDEN ACCELERATION FROM A STATIONARY POSITION MAY OCCUR, WHEN SHIFTING FROM PARK TO REVERSE OR DRIVE.","UNEXPECTED SUDDEN ACCELERATION WITHOUT PRIOR WARNINGCOULD RESULT IN A VEHICLE CRASH, CAUSING INJURIES.","INSTALL AN AUTOMATIC SHIFT LOCK TO PREVENT THE TRANSMISSION SHIFT LEVER FROM BEING MOVED FROM PARK TO REVERSE OR DRIVE UNLESS BRAKE PEDAL IS APPLIED AT THE SAME TIME.","SYSTEM: TRANSMISSION LINKAGE.VEHICLE DESCRIPTION: PASSENGER VEHICLES WITH AUTOMATIC TRANSMISSION.","1981","AUDI","5000"
887,"VOLKSWAGEN OF AMERICA,INC","82V037000",0,0,0,,"21/04/1982","VEHICLE SPEED CONTROL:ACCELERATOR PEDAL","ON THE INVOLVED VEHICLES, AN IMPROPERLY PLACED MAT INTERFERES WITH THE VIBRATION ABSORBER ATTACHED TO THE UNDERSIDE OF THE ACCELERATOR. THE PEDAL MAY NOT FULLY RETURN TO THE IDLE POSITION.","CONSEQUENCE OF DEFECT:  THIS COULD RESULT IN UNINTENTIONAL ACCLERATION WHICH COULD CAUSE LOSS OF VEHICLE CONTROL AND AN ACCIDENT.","DEALER WILL INSTALL, WHERE NECESSARY, A GUIDE FOR THE ACCELERATOR PEDAL AND INSPECT THE ENTIRE THROTTLE SYSTEM.","VEHICLE DESCRIPTION: PASSENGER VEHICLES EQUIPPED WITH AUTOMATIC TRANSMISSION.SYSTEM: FUEL; ACCELERATOR PEDAL DAMPER.  NOTE: ON ALL AFFECTED VEHICLES THE DRIVER IS ADVISED NOT TO REMOVE THE KEY FROMTHE IGNITION WHILE CAR IS IN MOTION DUE TO THE STEERING LOCK HINDERING VEHICLEMANEUVERABILITY.","1981","AUDI","5000"
888,"VOLKSWAGEN OF AMERICA,INC","83V095000",0,0,0,,"22/09/1983","SERVICE BRAKES, HYDRAULIC:PEDALS AND LINKAGES","CERTAIN VEHICLES WERE ASSEMBLED WITH AN INSUFFICIENT HEIGHT DIFFERENTIAL BETWEEN THE ACCELERATOR AND BRAKE PEDALS.","CONSEQUENCE OF DEFECT:  THE DRIVER COULD INADVERTENTLY DEPRESS BOTH PEDALS AT ONE TIME, LOSE CONTROL, AND HAVE AN ACCIDENT.","DEALER WILL INSTALL A BRAKE PEDAL PLATE WHICH WILL RAISE THE BRAKE PEDAL TO THE PROPER HEIGHT.","VEHICLE DESCRIPTION: PASSENGER VEHICLES EQUIPPED WITH AUTOMATIC TRANSMISSIONS.  SYSTEM: SERVICE BRAKES; BRAKE PEDAL.  NOTE: IF UNINTENDED ACCELERATION IS EXPERIENCED, THE IGNITION SHOULD BE TURNED OFF AND THE BRAKE PEDAL FIRMLY PRESSED.","1981","AUDI","5000"
889,"GENERAL MOTORS CORP.","81V036000",0,0,0,,"23/03/1981","WHEELS:HUBCAP/COVER","""TX"" HEAVY DUTY WHEELS MAY HAVE BEEN MANUFACTURED WITH LAMINATED STEEL. THE WHEEL DISC MAY FRACTURE AND THE WHEEL AND TIRE COULD PARTIALLY OR COMPLETELY SEPARATE FROM THE VEHICLE.",,"THE DEFECTIVE WHEELS WILL BE REPLACED WITHOUT CHARGE.","VEHICLE DESCRIPTION: PASSENGER VEHICLES AND LIGHT TRUCKS EQUIPPED WITH ""TX""HEAVY DUTY WHEELS.SYSTEM: SUSPENSION; WHEELS.CONSEQUENCES OF DEFECT: IF SEPARATION OF WHEEL AND TIRE FROM VEHICLE OCCURSWHILE VEHICLE IS IN MOTION, DRIVER COULD EXPERIENCE LOSS OF VEHICLE CONTROL ANDHAVE AN ACCIDENT.","1981","BUICK","CENTURY"
890,"GENERAL MOTORS CORP.","81V025000",0,0,0,,"25/02/1981","SUSPENSION:REAR","THE BOLTS THAT ATTACH THE LOWER REAR CONTROL ARM TO THE FRAME MAY FRACTURE. THE REAR CONTROL ARM SUPPORTS AND POSITIONS THE REAR AXLE. FRACTURE OF THE BOLTS WOULD ALLOW THE CONTROL ARM TO DROP FREE.",,"BOTH REAR CONTROL ARM ATTACHMENT BOLTS WILL BE REPLACED WITHOUT CHARGE.","SYSTEM: SUSPENSION; REAR CONTROL ARM ATTACHING BOLTS.VEHICLE DESCRIPTION: PASSENGER VEHICLES AND LIGHT TRUCKS.CONSEQUENCES OF DEFECT: IF THE FRACTURE OCCURS WHEN THE VEHICLE IS IN MOTION,IT COULD RESULT IN LOSS OF VEHICLE CONTROL AND AN ACCIDENT.","1981","BUICK","CENTURY"
891,"GENERAL MOTORS CORP.","81V009000",0,0,0,,"13/01/1981","WHEELS","THE STEEL USED IN SOME COMPACT SPARE WHEELS IS TOO THIN. WHILE IN SERVICE THE WHEEL MAY FRACTURE, RESULTING IN A PARTIAL OR COMPLETE SEPARATION OF THE WHEEL AND TIRE FROM THE VEHICLE.",,"SPARE WHEELS WILL BE REPLACED WITHOUT CHARGE TO OWNERS WITHIN 60 DAYS OF RECALL NOTIFICATION.","VEHICLE DESCRIPTION: PASSENGER VEHICLES EQUIPPED WITH LIMITED SLIP AXLES ANDCOMPACT SPARE WHEEL ASSEMBLIES.SYSTEM: SUSPENSION; COMPACT SPARE WHEEL.CONSEQUENCES OF DEFECT: IF SEPARATION OCCURS DURING VEHICLE OPERATION, LOSS OFVEHICLE CONTROL AND AN ACCIDENT COULD RESULT.","1981","BUICK","CENTURY"
892,"GENERAL MOTORS CORP.","80V129000",0,0,0,,"08/10/1980","STEERING:HYDRAULIC POWER ASSIST:HOSE, PIPING, AND CONNECTIONS","THE INVOLVED VEHICLES MAY HAVE BEEN ASSEMBLED WITH THE POWER STEERING HOSE INCORRECTLY ROUTED. THE POWER STEERING HOSE MAY THEN CONTACT THE EXHAUST MANIFOLD, RESULTING IN DETERIORATION AND EVENTUAL FAILURE OF THE HOSE AND LEAKAGE OF POWER STEERING FLUID ONTO THE EXHAUST MANIFOLD.",,"THE DEALER WILL INSPECT AND, IF NECESSARY, REPLACE THE HOSES AND INLET PIPE AND ADD A CLIP AT NO CHARGE TO OWNER.","VEHICLE DESCRIPTION: PASSENGER VEHICLES EQUIPPED WITH POWER STEERING.SYSTEM: STEERING; POWER STEERING HOSE.CONSEQUENCES OF DEFECT: UNDER CERTAIN CONDITIONS, SMOKE AND/OR AN UNDERHOODFIRE COULD RESULT AND CAUSE VEHICLE DAMAGE AND PERSONAL INJURY.","1981","BUICK","SKYLARK"
893,"GENERAL MOTORS CORP.","81V038000",0,0,0,,"24/03/1981","ELECTRICAL SYSTEM:12V/24V/48V BATTERY:CABLES","THE ENGINE-TO-BODY GROUND CABLE ON CERTAIN VEHICLES MAY HAVE BEEN DAMAGED DURING MANUFACTURE. THE CABLE COULD EVENTUALLY BREAK DUE TO THE RELATIVE MOTION BETWEEN THE ENGINE AND BODY DURING VEHICLE OPERATION.",,"A NEW GROUND CABLE WILL BE INSTALLED FREE OF CHARGE.","VEHICLE DESCRIPTION: PASSENGER VEHICLES.SYSTEM: ELECTRICAL; GROUND CABLE.CONSEQUENCES OF DEFECT: IF THE CABLE BREAKS WHEN MAXIMUM ELECTRICAL LOADS AREBEING PLACED ON VEHICLE, HEADLIGHTS COULD SUDDENLY DIM OR WIPERS COULD SLOWDOWN. THIS WOULD REDUCE VISIBILITY IN SEVERE WEATHER OR NIGHTTIME DRIVINGCONDITIONS. AN ACCIDENT COULD RESULT.NOTE: IF DIMMING OCCURS, RESTRICTING THE USE OF OTHER ELECTRICAL ACCESSORIESCOULD PARTIALLY RESTORE SOME OF THE HEADLIGHT BRIGHTNESS OR WIPER SPEED.","1981","BUICK","SKYLARK"
896,"GENERAL MOTORS CORP.","81V073000",0,0,0,,"16/06/1981","SUSPENSION:FRONT:CONTROL ARM:UPPER ARM","THE FRONT LEFT UPPER CONTROL ARM NUTS MAY NOT HAVE BEEN SECURELY TIGHTENED. THE NUTS MAY LOOSEN AND COME OFF AND WITH CONTINUED DRIVING THE CONTROL ARM FRONT BOLT MAY WORK ITS WAY OUT OF POSITION OR BECOME DISPLACED.",,,"VEHICLE DESCRIPTION: PASSENGER VEHICLES.SYSTEM: STEERING; FRONT LEFT UPPER CONTROL ARM NUTS.CONSEQUENCES OF DEFECT: THIS MAY CAUSE SIGNIFICANT CHANGES IN STEERING CONTROLDURING ACCELERATION AND CORNERING. THOUGH STEERING WILL NOT BE TOTALLY LOST,DEGRADED VEHICLE CONTROL COULD RESULT IN AN ACCIDENT.THE FRONT LEFT SIDE UPPER CONTROL ARM NUTS ON ALL INVOLVED VEHICLES WILL BERETIGHTENED TO SPECIFICATIONS AT NO CHARGE TO OWNER.","1981","CADILLAC","ELDORADO"
894,"GENERAL MOTORS CORP.","81V075000",0,0,0,,"18/06/1981","SEAT BELTS:FRONT:RETRACTOR","THE INVOLVED VEHICLES DO NOT CONFORM TO FEDERAL MOTOR VEHICLE SAFETY STANDARD NO. 210, ""SEAT BELT ASSEMBLY ANCHORAGES"", IN THAT THE DOOR FRAME-TO-BODY CENTER PILLAR INTERLOCK ON THE FRONT SEAT BELTS OF THESE VEHICLES MAY BE MISALIGNED.",,"THE DEALER WILL INSPECT AND, IF NECESSARY, ALIGN THE SEAT BELT INTERLOCK ASSEMBLIES PROPERLY AT NO CHARGE TO OWNER.","VEHICLE DESCRIPTION: PASSENGER VEHICLES EQUIPPED WITH AUTOMATIC SEAT BELTSYSTEMS (FRONT).SYSTEM: INTERIOR; SEAT BELT CENTER PILLAR INTERLOCK.CONSEQUENCES OF DEFECT: UNDER IMPACT FORCES MISALIGNMENT OF THE PILLARINTERLOCK WOULD PREVENT PROPER OCCUPANT LOAD TRANSFERRAL THROUGH THE SEAT BELTTO THE ANCHORAGE AT THE PILLAR. IN THE EVENT OF AN ACCIDENT, FRONT SEATPASSENGERS MAY NOT BE PROPERLY SECURED, THUS INCREASING THE POSSIBILITY OFPERSONAL INJURY.","1981","CADILLAC","SEVILLE"
895,"GENERAL MOTORS CORP.","81V073000",0,0,0,,"16/06/1981","SUSPENSION:FRONT:CONTROL ARM:UPPER ARM","THE FRONT LEFT UPPER CONTROL ARM NUTS MAY NOT HAVE BEEN SECURELY TIGHTENED. THE NUTS MAY LOOSEN AND COME OFF AND WITH CONTINUED DRIVING THE CONTROL ARM FRONT BOLT MAY WORK ITS WAY OUT OF POSITION OR BECOME DISPLACED.",,,"VEHICLE DESCRIPTION: PASSENGER VEHICLES.SYSTEM: STEERING; FRONT LEFT UPPER CONTROL ARM NUTS.CONSEQUENCES OF DEFECT: THIS MAY CAUSE SIGNIFICANT CHANGES IN STEERING CONTROLDURING ACCELERATION AND CORNERING. THOUGH STEERING WILL NOT BE TOTALLY LOST,DEGRADED VEHICLE CONTROL COULD RESULT IN AN ACCIDENT.THE FRONT LEFT SIDE UPPER CONTROL ARM NUTS ON ALL INVOLVED VEHICLES WILL BERETIGHTENED TO SPECIFICATIONS AT NO CHARGE TO OWNER.","1981","CADILLAC","SEVILLE"
897,"PRO-A MOTORS, INC.","06E026000",0,0,0,,"23/03/2006","EXTERIOR LIGHTING","CERTAIN PRO-A MOTORS CORNER LAMPS, TURN SIGNALS, AND HEADLIGHTS SOLD AS REPLACEMENT LAMPS FOR USE ON CERTAIN PASSENGER VEHICLES LISTED ABOVE.  SOME COMBINATION LAMPS THAT ARE NOT EQUIPPED WITH AMBER SIDE REFLECTORS FAIL TO CONFORM TO FEDERAL MOTOR VEHICLE SAFETY STANDARD NO. 108, LAMPS, REFLECTIVE DEVICES, AND ASSOCIATED EQUIPMENT.","WITHOUT THE AMBER REFLECTORS, THE VEHICLE WILL BE POORLY ILLUMINATED, POSSIBLY RESULTING IN A VEHICLE CRASH WITHOUT WARNING.","PRO-A MOTORS WILL NOTIFY OWNERS AND OFFER TO REPURCHASE THE LAMPS.  THE RECALL BEGAN ON APRIL 3, 2006.  OWNERS MAY CONTACT PRO-A MOTORS AT 323-838-2988.","THIS RECALL ONLY PERTAINS TO PRO-A MOTORS AFTERMARKET LAMPS AND HAS NO RELATION TO ANY ORIGINAL EQUIPMENT INSTALLED ON THE LISTED PASSENGER VEHICLES.  FOR MORE INFORMATION ON THE LAMP MODEL NUMBERS, CLICK ON DOCUMENT SEARCH AND VIEW DOCUMENT TITLED ""LAMP MODEL NUMBERS.""  CUSTOMERS MAY CONTACT THE NATIONAL HIGHWAY TRAFFIC SAFETY ADMINISTRATION'S VEHICLE SAFETY HOTLINE AT 1-888-327-4236 (TTY: 1-800-424-9153); OR GO TO HTTP://WWW.SAFERCAR.GOV.","1981","CHEVROLET","BLAZER"
898,"HONEYWELL INTERNATIONAL, INC.","07E088000",0,0,0,,"24/10/2007","EQUIPMENT","CERTAIN HONEYWELL FRAM RACING BRAND HP4 AND HP8 OIL FILTERS THAT WERE MANUFACTURED FROM MAY 25, 2006, THROUGH SEPTEMBER 14, 2007, AND SOLD FOR USE AS REPLACEMENT EQUIPMENT FOR VEHICLES LIST ABOVE.  THE AFFECTED FILTERS ARE MARKED WITH A DATE CODE A61451 THROUGH A72571 SEQUENTIALLY.  THE DATE CODE AND PART NUMBER APPEAR ON THE FILTER HOUSING.  FRAM RACING HP4 AND HP8 OIL FILTERS NOT BEARING A DATE CODE IN THIS RANGE ARE NOT AFFECTED BY THIS RECALL.  THE GASKET OF THE OIL FILTER BECOMES MORE PLIABLE UNDER HIGH TEMPERATURES AND PRESSURES.","THIS CONDITION MAY CAUSE INADEQUATE SEALING AND LOSS OF ENGINE OIL, POSSIBLY RESULTING IN A FIRE.","HONEYWELL WILL REPLACE THE AFFECTED OIL FILTERS FREE OF CHARGE.  THE RECALL BEGAN DURING NOVEMBER 2007.  OWNERS CAN CONTACT FRAM CUSTOMER SERVICE TOLL-FREE AT 1-800-890-2075.","CUSTOMERS MAY CONTACT THE NATIONAL HIGHWAY TRAFFIC SAFETY ADMINISTRATION'S VEHICLE SAFETY HOTLINE AT 1-888-327-4236 (TTY: 1-800-424-9153); OR GO TO HTTP://WWW.SAFERCAR.GOV.","1981","CHEVROLET","BLAZER"
899,"GENERAL MOTORS CORP.","80V150000",0,0,0,,"14/11/1980","SERVICE BRAKES, HYDRAULIC:PEDALS AND LINKAGES","THE INVOLVED VEHICLES MAY HAVE BEEN ASSEMBLED WITHOUT THE RETAINER CLIP FOR THE BRAKE PEDAL PUSH ROD. THE ABSENCE OF THIS RETAINER CLIP COULD ALLOW THE BRAKE PEDAL TO DISENGAGE FROM THE MASTER CYCLINDER PUSH ROD.",,"THE DEALER WILL INSPECT AND, IF NECESSARY, INSTALL THE RETAINER CLIP ON ALL SUSPECT VEHICLES WITHOUT CHARGE.","VEHICLE DESCRIPTION: LIGHT TRUCKS.SYSTEM: SERVICE BRAKES; BRAKE PEDAL PUSH ROD RETAINER CLIPS.CONSEQUENCES OF DEFECT: THIS MAY RESULT IN LOSS OF BRAKING ACTION. THISCONDITION COULD OCCUR WITHOUT WARNING WHILE THE VEHICLE IS IN MOTION, AND COULDRESULT IN AN ACCIDENT.","1981","CHEVROLET","BLAZER"
900,"HONEYWELL INTERNATIONAL, INC.","07E088000",0,0,0,,"24/10/2007","EQUIPMENT","CERTAIN HONEYWELL FRAM RACING BRAND HP4 AND HP8 OIL FILTERS THAT WERE MANUFACTURED FROM MAY 25, 2006, THROUGH SEPTEMBER 14, 2007, AND SOLD FOR USE AS REPLACEMENT EQUIPMENT FOR VEHICLES LIST ABOVE.  THE AFFECTED FILTERS ARE MARKED WITH A DATE CODE A61451 THROUGH A72571 SEQUENTIALLY.  THE DATE CODE AND PART NUMBER APPEAR ON THE FILTER HOUSING.  FRAM RACING HP4 AND HP8 OIL FILTERS NOT BEARING A DATE CODE IN THIS RANGE ARE NOT AFFECTED BY THIS RECALL.  THE GASKET OF THE OIL FILTER BECOMES MORE PLIABLE UNDER HIGH TEMPERATURES AND PRESSURES.","THIS CONDITION MAY CAUSE INADEQUATE SEALING AND LOSS OF ENGINE OIL, POSSIBLY RESULTING IN A FIRE.","HONEYWELL WILL REPLACE THE AFFECTED OIL FILTERS FREE OF CHARGE.  THE RECALL BEGAN DURING NOVEMBER 2007.  OWNERS CAN CONTACT FRAM CUSTOMER SERVICE TOLL-FREE AT 1-800-890-2075.","CUSTOMERS MAY CONTACT THE NATIONAL HIGHWAY TRAFFIC SAFETY ADMINISTRATION'S VEHICLE SAFETY HOTLINE AT 1-888-327-4236 (TTY: 1-800-424-9153); OR GO TO HTTP://WWW.SAFERCAR.GOV.","1981","CHEVROLET","C10"
901,"GENERAL MOTORS CORP.","81V148000",0,0,0,,"14/12/1981","SERVICE BRAKES, HYDRAULIC:FLUID","THE HYDRAULIC BRAKE FLUID USED IN CERTAIN VEHICLES MAY FAIL TO COMPLY WITH THE BRAKE FLUID BOILING POINT REQUIREMENTS OF FEDERAL MOTOR VEHICLE SAFETY STANDARD NO. 116, ""MOTOR VEHICLE BRAKE FLUIDS"". BRAKING EFFICIENCY MAY BE REDUCED AND VEHICLE STOPPING DISTANCE INCREASED, ESPECIALLY WHEN HARD OR FREQUENT BRAKING RAISES BRAKE FLUID TEMPERATURE.",,"SUSPECT HYDRAULIC BRAKE FLUID WILL BE BLED FROM THE BRAKE SYSTEM AND REPLACED WITH GM DELCO SUPREME NO. 11 OR AN EQUIVALENT, WITHOUT CHARGE.","VEHICLE DESCRIPTION: LIGHT TRUCKS.SYSTEM: SERVICE BRAKES; HYDRAULIC BRAKE FLUID.CONSEQUENCES OF DEFECT: IN SITUATIONS REQUIRING MINIMUM VEHICLE STOPPINGDISTANCE, AN ACCIDENT WOULD RESULT.NOTE: THE PROBLEM MAY BE INDICATED BY AN INCREASE IN PEDAL TRAVEL OR A SPONGYFEELING TO THE PEDAL.","1981","CHEVROLET","C10"
902,"GENERAL MOTORS CORP.","81V118000",0,0,0,,"05/10/1981","WHEELS:RIM","THE SPARE WHEEL IS ONE INCH WIDER THAN THE MAXIMUM APPROVED RIM WIDTH AND FAILS TO COMPLY WITH FEDERAL MOTOR VEHICLE SAFETY STANDARD NO. 120, ""TIRE SELECTION AND RIMS FOR MOTOR VEHICLES OTHER THAN PASSENGER CARS"".",,"THE SPARE WHEEL ASSEMBLY WILL BE REPLACED WITHOUT CHARGE TO OWNER.","VEHICLE DESCRIPTION: LIGHT TRUCKS EQUIPPED WITH RPO PH7 (ALUMINUM WHEELS) ANDSIZE P205/75R15 OR FR78-15 TIRES.SYSTEM: SUSPENSION; WHEEL.CONSEQUENCES OF DEFECT: GRADUAL LOSS OF AIR COULD EVENTUALLY LEAD TO A FLATTIRE, POSSIBLE LOSS OF VEHICLE CONTROL, AND AN ACCIDENT.","1981","CHEVROLET","C10"
905,"HONEYWELL INTERNATIONAL, INC.","07E088000",0,0,0,,"24/10/2007","EQUIPMENT","CERTAIN HONEYWELL FRAM RACING BRAND HP4 AND HP8 OIL FILTERS THAT WERE MANUFACTURED FROM MAY 25, 2006, THROUGH SEPTEMBER 14, 2007, AND SOLD FOR USE AS REPLACEMENT EQUIPMENT FOR VEHICLES LIST ABOVE.  THE AFFECTED FILTERS ARE MARKED WITH A DATE CODE A61451 THROUGH A72571 SEQUENTIALLY.  THE DATE CODE AND PART NUMBER APPEAR ON THE FILTER HOUSING.  FRAM RACING HP4 AND HP8 OIL FILTERS NOT BEARING A DATE CODE IN THIS RANGE ARE NOT AFFECTED BY THIS RECALL.  THE GASKET OF THE OIL FILTER BECOMES MORE PLIABLE UNDER HIGH TEMPERATURES AND PRESSURES.","THIS CONDITION MAY CAUSE INADEQUATE SEALING AND LOSS OF ENGINE OIL, POSSIBLY RESULTING IN A FIRE.","HONEYWELL WILL REPLACE THE AFFECTED OIL FILTERS FREE OF CHARGE.  THE RECALL BEGAN DURING NOVEMBER 2007.  OWNERS CAN CONTACT FRAM CUSTOMER SERVICE TOLL-FREE AT 1-800-890-2075.","CUSTOMERS MAY CONTACT THE NATIONAL HIGHWAY TRAFFIC SAFETY ADMINISTRATION'S VEHICLE SAFETY HOTLINE AT 1-888-327-4236 (TTY: 1-800-424-9153); OR GO TO HTTP://WWW.SAFERCAR.GOV.","1981","CHEVROLET","C20"
906,"GENERAL MOTORS CORP.","81V148000",0,0,0,,"14/12/1981","SERVICE BRAKES, HYDRAULIC:FLUID","THE HYDRAULIC BRAKE FLUID USED IN CERTAIN VEHICLES MAY FAIL TO COMPLY WITH THE BRAKE FLUID BOILING POINT REQUIREMENTS OF FEDERAL MOTOR VEHICLE SAFETY STANDARD NO. 116, ""MOTOR VEHICLE BRAKE FLUIDS"". BRAKING EFFICIENCY MAY BE REDUCED AND VEHICLE STOPPING DISTANCE INCREASED, ESPECIALLY WHEN HARD OR FREQUENT BRAKING RAISES BRAKE FLUID TEMPERATURE.",,"SUSPECT HYDRAULIC BRAKE FLUID WILL BE BLED FROM THE BRAKE SYSTEM AND REPLACED WITH GM DELCO SUPREME NO. 11 OR AN EQUIVALENT, WITHOUT CHARGE.","VEHICLE DESCRIPTION: LIGHT TRUCKS.SYSTEM: SERVICE BRAKES; HYDRAULIC BRAKE FLUID.CONSEQUENCES OF DEFECT: IN SITUATIONS REQUIRING MINIMUM VEHICLE STOPPINGDISTANCE, AN ACCIDENT WOULD RESULT.NOTE: THE PROBLEM MAY BE INDICATED BY AN INCREASE IN PEDAL TRAVEL OR A SPONGYFEELING TO THE PEDAL.","1981","CHEVROLET","C20"
920,"HONEYWELL INTERNATIONAL, INC.","07E088000",0,0,0,,"24/10/2007","EQUIPMENT","CERTAIN HONEYWELL FRAM RACING BRAND HP4 AND HP8 OIL FILTERS THAT WERE MANUFACTURED FROM MAY 25, 2006, THROUGH SEPTEMBER 14, 2007, AND SOLD FOR USE AS REPLACEMENT EQUIPMENT FOR VEHICLES LIST ABOVE.  THE AFFECTED FILTERS ARE MARKED WITH A DATE CODE A61451 THROUGH A72571 SEQUENTIALLY.  THE DATE CODE AND PART NUMBER APPEAR ON THE FILTER HOUSING.  FRAM RACING HP4 AND HP8 OIL FILTERS NOT BEARING A DATE CODE IN THIS RANGE ARE NOT AFFECTED BY THIS RECALL.  THE GASKET OF THE OIL FILTER BECOMES MORE PLIABLE UNDER HIGH TEMPERATURES AND PRESSURES.","THIS CONDITION MAY CAUSE INADEQUATE SEALING AND LOSS OF ENGINE OIL, POSSIBLY RESULTING IN A FIRE.","HONEYWELL WILL REPLACE THE AFFECTED OIL FILTERS FREE OF CHARGE.  THE RECALL BEGAN DURING NOVEMBER 2007.  OWNERS CAN CONTACT FRAM CUSTOMER SERVICE TOLL-FREE AT 1-800-890-2075.","CUSTOMERS MAY CONTACT THE NATIONAL HIGHWAY TRAFFIC SAFETY ADMINISTRATION'S VEHICLE SAFETY HOTLINE AT 1-888-327-4236 (TTY: 1-800-424-9153); OR GO TO HTTP://WWW.SAFERCAR.GOV.","1981","CHEVROLET","CAMARO"
921,"GENERAL MOTORS CORP.","81V060000",0,0,0,,"19/05/1981","SEAT BELTS:FRONT:RETRACTOR","ON CERTAIN VEHICLES, THE SEAT BELT RETRACTORS IN THE REAR SEATING POSITIONS CONTAIN FIRST LOCK POSITIONS WHICH WILL NOT LOCK WHEN USED BY SMALLER PASSENGERS. THIS FAILS TO COMPLY WITH THE REQUIREMENTS OF FEDERAL MOTOR VEHICLE SAFETY STANDARD NO. 208, ""OCCUPANT CRASH PROTECTION"".",,"ALL OWNERS WILL BE SENT A PRE-PAID POSTAGE CARD THAT IS TO BE FILLED OUT AND SENT BACK. THE CARD WILL INDICATE WHETHER THE SEAT BELTS ARE FUNCTIONING PROPERLY. IF DEALER INSPECTS SEAT BELTS, THE SEAT BELT RETRACTORS WILL BE REPLACED, IF NECESSARY, WITHOUT CHARGE.","VEHICLE DESCRIPTION: PASSENGER VEHICLES.SYSTEM: INTERIOR; SEAT BELT RETRACTORS.CONSEQUENCES OF DEFECT: IN THE EVENT OF A COLLISION, IF PASSENGERS ARE NOTSECURELY RESTRAINED, THE POSSIBILITY OF PERSONAL INJURY AND DEATH WOULD BEINCREASED.","1981","CHEVROLET","CAMARO"
917,"GENERAL MOTORS CORP.","81V060000",0,0,0,,"19/05/1981","SEAT BELTS:FRONT:RETRACTOR","ON CERTAIN VEHICLES, THE SEAT BELT RETRACTORS IN THE REAR SEATING POSITIONS CONTAIN FIRST LOCK POSITIONS WHICH WILL NOT LOCK WHEN USED BY SMALLER PASSENGERS. THIS FAILS TO COMPLY WITH THE REQUIREMENTS OF FEDERAL MOTOR VEHICLE SAFETY STANDARD NO. 208, ""OCCUPANT CRASH PROTECTION"".",,"ALL OWNERS WILL BE SENT A PRE-PAID POSTAGE CARD THAT IS TO BE FILLED OUT AND SENT BACK. THE CARD WILL INDICATE WHETHER THE SEAT BELTS ARE FUNCTIONING PROPERLY. IF DEALER INSPECTS SEAT BELTS, THE SEAT BELT RETRACTORS WILL BE REPLACED, IF NECESSARY, WITHOUT CHARGE.","VEHICLE DESCRIPTION: PASSENGER VEHICLES.SYSTEM: INTERIOR; SEAT BELT RETRACTORS.CONSEQUENCES OF DEFECT: IN THE EVENT OF A COLLISION, IF PASSENGERS ARE NOTSECURELY RESTRAINED, THE POSSIBILITY OF PERSONAL INJURY AND DEATH WOULD BEINCREASED.","1981","CHEVROLET","CHEVETTE"
918,"GENERAL MOTORS CORP.","82V106000",0,0,0,"EA83004","01/11/1982","FUEL SYSTEM, GASOLINE:CARBURETOR SYSTEM","THE CARBURETOR FUEL INLET HOUSING PLUG IN THE SIDE OF THE CARBURETOR MAY COME OUT.",,"THE DEALER WILL INSTALL A RETAINING CLIP ON THE CARBURETOR INLET PLUG TO PREVENT FUEL LEAKAGE, WITHOUT CHARGE.","VEHICLE DESCRIPTION: PASSENGER VEHICLES EQUIPPED WITH 1.6 LITER ENGINES.SYSTEM: FUEL; CARBURETOR FUEL INLET PLUG.CONSEQUENCES OF DEFECT: FUEL WOULD LEAK FROM THE CARBURETOR AND, UNDER CERTAINCIRCUMSTANCES COULD START AN UNDERHOOD FIRE WHICH COULD SPREAD TO THE REST OFTHE VEHICLE. THIS COULD CAUSE BURN INJURIES TO VEHICLE PASSENGERS.","1981","CHEVROLET","CHEVETTE"
919,"GENERAL MOTORS CORP.","83V027000",0,0,0,"EA83004","04/03/1983","FUEL SYSTEM, GASOLINE:CARBURETOR SYSTEM","THE CARBURETOR FUEL PLUG MAY COME OUT AND FUEL COULD LEAK FROM THE CARBURETOR.",,"THE DEALER WILL INSTALL A RETAINING CLIP ON THE CARBURETOR INLET PLUG TO PREVENT IT FROM DISLODGING, AT NO CHARGE TO OWNER.","VEHICLE DESCRIPTION: PASSENGER VEHICLES EQUIPPED WITH 1.6 LITER ENGINES ANDCALIFORNIA EMISSION SYSTEMS.SYSTEM: FUEL SYSTEMS, CARBURETOR FUEL INLET HOUSING PLUG.CONSEQUENCES OF DEFECT: WHEN A FUEL LEAK OCCURS IN THE PRESENCE OF A SOURCE OFIGNITION, A FIRE COULD OCCUR WITHOUT WARNING.","1981","CHEVROLET","CHEVETTE"
903,"GENERAL MOTORS CORP.","80V129000",0,0,0,,"08/10/1980","STEERING:HYDRAULIC POWER ASSIST:HOSE, PIPING, AND CONNECTIONS","THE INVOLVED VEHICLES MAY HAVE BEEN ASSEMBLED WITH THE POWER STEERING HOSE INCORRECTLY ROUTED. THE POWER STEERING HOSE MAY THEN CONTACT THE EXHAUST MANIFOLD, RESULTING IN DETERIORATION AND EVENTUAL FAILURE OF THE HOSE AND LEAKAGE OF POWER STEERING FLUID ONTO THE EXHAUST MANIFOLD.",,"THE DEALER WILL INSPECT AND, IF NECESSARY, REPLACE THE HOSES AND INLET PIPE AND ADD A CLIP AT NO CHARGE TO OWNER.","VEHICLE DESCRIPTION: PASSENGER VEHICLES EQUIPPED WITH POWER STEERING.SYSTEM: STEERING; POWER STEERING HOSE.CONSEQUENCES OF DEFECT: UNDER CERTAIN CONDITIONS, SMOKE AND/OR AN UNDERHOODFIRE COULD RESULT AND CAUSE VEHICLE DAMAGE AND PERSONAL INJURY.","1981","CHEVROLET","CITATION"
904,"GENERAL MOTORS CORP.","81V038000",0,0,0,,"24/03/1981","ELECTRICAL SYSTEM:12V/24V/48V BATTERY:CABLES","THE ENGINE-TO-BODY GROUND CABLE ON CERTAIN VEHICLES MAY HAVE BEEN DAMAGED DURING MANUFACTURE. THE CABLE COULD EVENTUALLY BREAK DUE TO THE RELATIVE MOTION BETWEEN THE ENGINE AND BODY DURING VEHICLE OPERATION.",,"A NEW GROUND CABLE WILL BE INSTALLED FREE OF CHARGE.","VEHICLE DESCRIPTION: PASSENGER VEHICLES.SYSTEM: ELECTRICAL; GROUND CABLE.CONSEQUENCES OF DEFECT: IF THE CABLE BREAKS WHEN MAXIMUM ELECTRICAL LOADS AREBEING PLACED ON VEHICLE, HEADLIGHTS COULD SUDDENLY DIM OR WIPERS COULD SLOWDOWN. THIS WOULD REDUCE VISIBILITY IN SEVERE WEATHER OR NIGHTTIME DRIVINGCONDITIONS. AN ACCIDENT COULD RESULT.NOTE: IF DIMMING OCCURS, RESTRICTING THE USE OF OTHER ELECTRICAL ACCESSORIESCOULD PARTIALLY RESTORE SOME OF THE HEADLIGHT BRIGHTNESS OR WIPER SPEED.","1981","CHEVROLET","CITATION"
909,"HONEYWELL INTERNATIONAL, INC.","07E088000",0,0,0,,"24/10/2007","EQUIPMENT","CERTAIN HONEYWELL FRAM RACING BRAND HP4 AND HP8 OIL FILTERS THAT WERE MANUFACTURED FROM MAY 25, 2006, THROUGH SEPTEMBER 14, 2007, AND SOLD FOR USE AS REPLACEMENT EQUIPMENT FOR VEHICLES LIST ABOVE.  THE AFFECTED FILTERS ARE MARKED WITH A DATE CODE A61451 THROUGH A72571 SEQUENTIALLY.  THE DATE CODE AND PART NUMBER APPEAR ON THE FILTER HOUSING.  FRAM RACING HP4 AND HP8 OIL FILTERS NOT BEARING A DATE CODE IN THIS RANGE ARE NOT AFFECTED BY THIS RECALL.  THE GASKET OF THE OIL FILTER BECOMES MORE PLIABLE UNDER HIGH TEMPERATURES AND PRESSURES.","THIS CONDITION MAY CAUSE INADEQUATE SEALING AND LOSS OF ENGINE OIL, POSSIBLY RESULTING IN A FIRE.","HONEYWELL WILL REPLACE THE AFFECTED OIL FILTERS FREE OF CHARGE.  THE RECALL BEGAN DURING NOVEMBER 2007.  OWNERS CAN CONTACT FRAM CUSTOMER SERVICE TOLL-FREE AT 1-800-890-2075.","CUSTOMERS MAY CONTACT THE NATIONAL HIGHWAY TRAFFIC SAFETY ADMINISTRATION'S VEHICLE SAFETY HOTLINE AT 1-888-327-4236 (TTY: 1-800-424-9153); OR GO TO HTTP://WWW.SAFERCAR.GOV.","1981","CHEVROLET","CORVETTE"
910,"CARDONE INDUSTRIES, INC.","03E032000",0,0,0,,"12/05/2003","SERVICE BRAKES, AIR:DISC:CALIPER","REMANUFACTURERD REAR BRAKE CALIPERS, PART NOS. 18-7019, 18-7020, 16-7019, AND 16-7020, MANUFACTURED FROM FEBRUARY 1, 2002, TO APRIL, 25, 2003., AND FOR USE ON 1965 THRU 1982 CHEVROLET CORVETTES.  THE SUBJECT BRAKE CALIPERS WERE MANUFACTURED USING IMPROPERLY MANUFACTURED PISTON SEALS.  THESE SEALS ARE INTENDED TO PREVENT FLUID LEAKAGE BETWEEN THE CALIPER HOUSING AND THE PISTONS.  THESE BRAKE CALIPERS ARE FOR USE ONLY ON 1965 THRU 1982 CHEVROLET CORVETTE VEHICLES.  THIS RECALL DOES NOT INVOLVE GENERAL MOTORS CORPORATION OR ANY OF ITS PRODUCTS.","UNDER THESE CONDITIONS, THE VEHICLE OPERATOR MAY NOT BE ABLE TO STOP THE CAR, POSSIBLY RESULTING IN A VEHICLE CRASH.","CARDONE WILL NOTIFY ITS CUSTOMERS AND ALL UNSOLD INVENTORY WILL BE REPURCHASED AND WILL PROVIDE A FULL REFUND TO CUSTOMERS.
OWNER NOTIFICATION IS EXPECTED TO BEGIN DURING MAY 2003.  OWNERS WHO TAKE THEIR VEHICLES TO AN AUTHORIZED DEALER ON AN AGREED UPON SERVICE DATE AND DO NOT RECEIVE THE FREE REMEDY WITHIN A REASONABLE TIME SHOULD CONTACT CARDONE AT 215-912-3000.","ALSO, CUSTOMERS CAN CONTACT THE NATIONAL HIGHWAY TRAFFIC SAFETY ADMINISTRATION'S AUTO SAFETY HOTLINE AT 1-888-DASH-2-DOT (1-888-327-4236).","1981","CHEVROLET","CORVETTE"
911,"GENERAL MOTORS CORP.","80V125000",0,0,0,,"25/09/1980","SERVICE BRAKES, HYDRAULIC:PEDALS AND LINKAGES","THE INVOLVED VEHICLES MAY HAVE BEEN ASSEMBLED WITH A BRAKE PEDAL SUPPORT BRACKET WHICH WAS DESIGNED FOR USE IN DIESEL ENGINE VEHICLES. THE INCORRECT BRACKET MAY CAUSE THE SERVICE BRAKES TO REMAIN PARTIALLY APPLIED, RESULTING IN BRAKE OVERHEATING AND REDUCED BRAKING EFFECTIVENESS.",,"DEALER WILL INSPECT VEHICLES AND, IF NECESSARY, REPLACE THE PEDAL SUPPORT BRACKET AT NO CHARGE TO OWNER.","VEHICLE DESCRIPTION: PASSENGER VEHICLES EQUIPPED WITH GASOLINE ENGINES.SYSTEM: SERVICE BRAKES; BRAKE PEDAL, SUPPORT BRACKET.CONSEQUENCES OF DEFECT: THIS DEFECT COULD CAUSE AN ACCIDENT, ESPECIALLY INSITUATIONS WHICH REQUIRE A MINIMUM VEHICLE STOPPING DISTANCE.","1981","CHEVROLET","IMPALA"
912,"GENERAL MOTORS CORP.","83V077000",0,0,0,,"19/08/1983","VEHICLE SPEED CONTROL:CABLES","ACCELERATOR PUMP LEVER RETAINING PIN MAY LOOSEN AFTER REPEATED HEAVY ACCELERATOR PEDAL APPLICATIONS. THIS COULD CAUSE THE THROTTLE TO BECOME STUCK IN THE OPEN POSITION.",,"DEALER WILL INSTALL A SPECIAL COTTER PIN, TO RETAIN THE ACCELERATOR PUMP PIN, AND A SPRING CLIP THRUST WASHER ON THE ACCELERATOR PUMP LINK.","VEHICLE DESCRIPTION: PASSENGER VEHICLES EQUIPPED WITH CLOSED LOOP QUADRAJETCARBURETORS AND POLICE CAR PACKAGES.SYSTEM: POWER TRAIN; ACCELERATOR PUMP LEVER RETAINING PIN.CONSEQUENCES OF DEFECT: VEHICLE SPEED WOULD NOT DECREASE EVEN AFTER THEACCELERATOR PEDAL IS NO LONGER DEPRESSED. LOSS OF ACCELERATOR CONTROL WITHOUTPRIOR WARNING COULD RESULT IN AN ACCIDENT.NOTE: IF THE FAILURE OCCURS BEFORE CORRECTIVE SERVICE CAN BE PERFORMED, DRIVERSHOULD SHIFT TO NEUTRAL GEAR AND APPLY BRAKES AS NECESSARY. VEHICLE SHOULD BEPULLED OUT OF TRAFFIC AND THE IGNITION SHOULD BE TURNED OFF AFTER A COMPLETESTOP.","1981","CHEVROLET","IMPALA"
922,"HONEYWELL INTERNATIONAL, INC.","07E088000",0,0,0,,"24/10/2007","EQUIPMENT","CERTAIN HONEYWELL FRAM RACING BRAND HP4 AND HP8 OIL FILTERS THAT WERE MANUFACTURED FROM MAY 25, 2006, THROUGH SEPTEMBER 14, 2007, AND SOLD FOR USE AS REPLACEMENT EQUIPMENT FOR VEHICLES LIST ABOVE.  THE AFFECTED FILTERS ARE MARKED WITH A DATE CODE A61451 THROUGH A72571 SEQUENTIALLY.  THE DATE CODE AND PART NUMBER APPEAR ON THE FILTER HOUSING.  FRAM RACING HP4 AND HP8 OIL FILTERS NOT BEARING A DATE CODE IN THIS RANGE ARE NOT AFFECTED BY THIS RECALL.  THE GASKET OF THE OIL FILTER BECOMES MORE PLIABLE UNDER HIGH TEMPERATURES AND PRESSURES.","THIS CONDITION MAY CAUSE INADEQUATE SEALING AND LOSS OF ENGINE OIL, POSSIBLY RESULTING IN A FIRE.","HONEYWELL WILL REPLACE THE AFFECTED OIL FILTERS FREE OF CHARGE.  THE RECALL BEGAN DURING NOVEMBER 2007.  OWNERS CAN CONTACT FRAM CUSTOMER SERVICE TOLL-FREE AT 1-800-890-2075.","CUSTOMERS MAY CONTACT THE NATIONAL HIGHWAY TRAFFIC SAFETY ADMINISTRATION'S VEHICLE SAFETY HOTLINE AT 1-888-327-4236 (TTY: 1-800-424-9153); OR GO TO HTTP://WWW.SAFERCAR.GOV.","1981","CHEVROLET","K30"
913,"HONEYWELL INTERNATIONAL, INC.","07E088000",0,0,0,,"24/10/2007","EQUIPMENT","CERTAIN HONEYWELL FRAM RACING BRAND HP4 AND HP8 OIL FILTERS THAT WERE MANUFACTURED FROM MAY 25, 2006, THROUGH SEPTEMBER 14, 2007, AND SOLD FOR USE AS REPLACEMENT EQUIPMENT FOR VEHICLES LIST ABOVE.  THE AFFECTED FILTERS ARE MARKED WITH A DATE CODE A61451 THROUGH A72571 SEQUENTIALLY.  THE DATE CODE AND PART NUMBER APPEAR ON THE FILTER HOUSING.  FRAM RACING HP4 AND HP8 OIL FILTERS NOT BEARING A DATE CODE IN THIS RANGE ARE NOT AFFECTED BY THIS RECALL.  THE GASKET OF THE OIL FILTER BECOMES MORE PLIABLE UNDER HIGH TEMPERATURES AND PRESSURES.","THIS CONDITION MAY CAUSE INADEQUATE SEALING AND LOSS OF ENGINE OIL, POSSIBLY RESULTING IN A FIRE.","HONEYWELL WILL REPLACE THE AFFECTED OIL FILTERS FREE OF CHARGE.  THE RECALL BEGAN DURING NOVEMBER 2007.  OWNERS CAN CONTACT FRAM CUSTOMER SERVICE TOLL-FREE AT 1-800-890-2075.","CUSTOMERS MAY CONTACT THE NATIONAL HIGHWAY TRAFFIC SAFETY ADMINISTRATION'S VEHICLE SAFETY HOTLINE AT 1-888-327-4236 (TTY: 1-800-424-9153); OR GO TO HTTP://WWW.SAFERCAR.GOV.","1981","CHEVROLET","MALIBU"
914,"GENERAL MOTORS CORP.","83V077000",0,0,0,,"19/08/1983","VEHICLE SPEED CONTROL:CABLES","ACCELERATOR PUMP LEVER RETAINING PIN MAY LOOSEN AFTER REPEATED HEAVY ACCELERATOR PEDAL APPLICATIONS. THIS COULD CAUSE THE THROTTLE TO BECOME STUCK IN THE OPEN POSITION.",,"DEALER WILL INSTALL A SPECIAL COTTER PIN, TO RETAIN THE ACCELERATOR PUMP PIN, AND A SPRING CLIP THRUST WASHER ON THE ACCELERATOR PUMP LINK.","VEHICLE DESCRIPTION: PASSENGER VEHICLES EQUIPPED WITH CLOSED LOOP QUADRAJETCARBURETORS AND POLICE CAR PACKAGES.SYSTEM: POWER TRAIN; ACCELERATOR PUMP LEVER RETAINING PIN.CONSEQUENCES OF DEFECT: VEHICLE SPEED WOULD NOT DECREASE EVEN AFTER THEACCELERATOR PEDAL IS NO LONGER DEPRESSED. LOSS OF ACCELERATOR CONTROL WITHOUTPRIOR WARNING COULD RESULT IN AN ACCIDENT.NOTE: IF THE FAILURE OCCURS BEFORE CORRECTIVE SERVICE CAN BE PERFORMED, DRIVERSHOULD SHIFT TO NEUTRAL GEAR AND APPLY BRAKES AS NECESSARY. VEHICLE SHOULD BEPULLED OUT OF TRAFFIC AND THE IGNITION SHOULD BE TURNED OFF AFTER A COMPLETESTOP.","1981","CHEVROLET","MALIBU"
915,"GENERAL MOTORS CORP.","81V025000",0,0,0,,"25/02/1981","SUSPENSION:REAR","THE BOLTS THAT ATTACH THE LOWER REAR CONTROL ARM TO THE FRAME MAY FRACTURE. THE REAR CONTROL ARM SUPPORTS AND POSITIONS THE REAR AXLE. FRACTURE OF THE BOLTS WOULD ALLOW THE CONTROL ARM TO DROP FREE.",,"BOTH REAR CONTROL ARM ATTACHMENT BOLTS WILL BE REPLACED WITHOUT CHARGE.","SYSTEM: SUSPENSION; REAR CONTROL ARM ATTACHING BOLTS.VEHICLE DESCRIPTION: PASSENGER VEHICLES AND LIGHT TRUCKS.CONSEQUENCES OF DEFECT: IF THE FRACTURE OCCURS WHEN THE VEHICLE IS IN MOTION,IT COULD RESULT IN LOSS OF VEHICLE CONTROL AND AN ACCIDENT.","1981","CHEVROLET","MALIBU"
907,"HONEYWELL INTERNATIONAL, INC.","07E088000",0,0,0,,"24/10/2007","EQUIPMENT","CERTAIN HONEYWELL FRAM RACING BRAND HP4 AND HP8 OIL FILTERS THAT WERE MANUFACTURED FROM MAY 25, 2006, THROUGH SEPTEMBER 14, 2007, AND SOLD FOR USE AS REPLACEMENT EQUIPMENT FOR VEHICLES LIST ABOVE.  THE AFFECTED FILTERS ARE MARKED WITH A DATE CODE A61451 THROUGH A72571 SEQUENTIALLY.  THE DATE CODE AND PART NUMBER APPEAR ON THE FILTER HOUSING.  FRAM RACING HP4 AND HP8 OIL FILTERS NOT BEARING A DATE CODE IN THIS RANGE ARE NOT AFFECTED BY THIS RECALL.  THE GASKET OF THE OIL FILTER BECOMES MORE PLIABLE UNDER HIGH TEMPERATURES AND PRESSURES.","THIS CONDITION MAY CAUSE INADEQUATE SEALING AND LOSS OF ENGINE OIL, POSSIBLY RESULTING IN A FIRE.","HONEYWELL WILL REPLACE THE AFFECTED OIL FILTERS FREE OF CHARGE.  THE RECALL BEGAN DURING NOVEMBER 2007.  OWNERS CAN CONTACT FRAM CUSTOMER SERVICE TOLL-FREE AT 1-800-890-2075.","CUSTOMERS MAY CONTACT THE NATIONAL HIGHWAY TRAFFIC SAFETY ADMINISTRATION'S VEHICLE SAFETY HOTLINE AT 1-888-327-4236 (TTY: 1-800-424-9153); OR GO TO HTTP://WWW.SAFERCAR.GOV.","1981","CHEVROLET","MONTE CARLO"
908,"GENERAL MOTORS CORP.","81V025000",0,0,0,,"25/02/1981","SUSPENSION:REAR","THE BOLTS THAT ATTACH THE LOWER REAR CONTROL ARM TO THE FRAME MAY FRACTURE. THE REAR CONTROL ARM SUPPORTS AND POSITIONS THE REAR AXLE. FRACTURE OF THE BOLTS WOULD ALLOW THE CONTROL ARM TO DROP FREE.",,"BOTH REAR CONTROL ARM ATTACHMENT BOLTS WILL BE REPLACED WITHOUT CHARGE.","SYSTEM: SUSPENSION; REAR CONTROL ARM ATTACHING BOLTS.VEHICLE DESCRIPTION: PASSENGER VEHICLES AND LIGHT TRUCKS.CONSEQUENCES OF DEFECT: IF THE FRACTURE OCCURS WHEN THE VEHICLE IS IN MOTION,IT COULD RESULT IN LOSS OF VEHICLE CONTROL AND AN ACCIDENT.","1981","CHEVROLET","MONTE CARLO"
916,"GENERAL MOTORS CORP.","80V150000",0,0,0,,"14/11/1980","SERVICE BRAKES, HYDRAULIC:PEDALS AND LINKAGES","THE INVOLVED VEHICLES MAY HAVE BEEN ASSEMBLED WITHOUT THE RETAINER CLIP FOR THE BRAKE PEDAL PUSH ROD. THE ABSENCE OF THIS RETAINER CLIP COULD ALLOW THE BRAKE PEDAL TO DISENGAGE FROM THE MASTER CYCLINDER PUSH ROD.",,"THE DEALER WILL INSPECT AND, IF NECESSARY, INSTALL THE RETAINER CLIP ON ALL SUSPECT VEHICLES WITHOUT CHARGE.","VEHICLE DESCRIPTION: LIGHT TRUCKS.SYSTEM: SERVICE BRAKES; BRAKE PEDAL PUSH ROD RETAINER CLIPS.CONSEQUENCES OF DEFECT: THIS MAY RESULT IN LOSS OF BRAKING ACTION. THISCONDITION COULD OCCUR WITHOUT WARNING WHILE THE VEHICLE IS IN MOTION, AND COULDRESULT IN AN ACCIDENT.","1981","CHEVROLET","SUBURBAN"
923,"CHRYSLER CORPORATION","81V055000",0,0,0,,"05/05/1981","FUEL SYSTEM, GASOLINE:CARBURETOR SYSTEM","ENGINE MAY LOSE POWER OR STALL DUE TO CARBURETOR FLOODING. THIS IS CAUSED BY A POOR ELECTRICAL GROUND ON THE CARBURETOR FUEL BOWL VENT SOLENOID. VEHICLES MAY ALSO HAVE DRIVEABILITY PROBLEMS WHILE THE ENGINE IS WARMING UP IN COLD WEATHER. THESE PROBLEMS INCLUDE ENGINE MISSING, SAGS, AND HESITATION. THIS IS CAUSED BY A STICKING CARBURETOR OXYGEN FEEDBACK SOLENOID.",,"DEALER WILL INSPECT CARBURETOR AND IF NECESSARY, THE BOWL VENT SOLENOID WILL BE REPAIRED BY RESOLDERING (RECONNECTING) THE EXTERNAL ELECTRICAL CONNECTION FREE OF CHARGE. IF APPLICABLE, THE OXYGEN FEEDBACK SENSOR WILL BE REPLACED.","VEHICLE DESCRIPTION: PASSENGER VEHICLES EQUIPPED WITH 318 ENGINES.SYSTEM: FUEL; CARBURETOR, FUEL BOWL VENT SOLENOID AND OXYGEN FEEDBACK SOLENOID.CONSEQUENCES OF DEFECT: SHOULD THE VEHICLE LOSE ENGINE POWER, IT MIGHT BECOME AHAZARD TO OTHER DRIVERS AND MAY CAUSE AN ACCIDENT.","1981","CHRYSLER","NEW YORKER"
924,"CHRYSLER CORPORATION","81V111000",0,0,0,,"22/09/1981","VEHICLE SPEED CONTROL","THE AUTOMATIC SPEED CONTROL SWITCH MAY STICK IN THE ""RESUME"" POSITION RESTRICTING RETURN MOVEMENT. THIS WILL NOT ALLOW THE NORMAL BRAKE PEDAL OPERATION TO DEACTIVATE THE SYSTEM.",,"THE SHIELD PORTION OF THE ""RESUME"" SLIDE LEVER IN THE SPEED CONTROL UNIT WILL BE REPLACED WITHOUT CHARGE.","VEHICLE DESCRIPTION: PASSENGER VEHICLES EQUIPPED WITH AUTOMATIC SPEED CONTROLSYSTEMS.SYSTEM: ELECTRIC POWER ACCESSORIES; AUTOMATIC SPEED CONTROL SWITCH.CONSEQUENCES OF DEFECT: FAILURE OF THE SPEED CONTROL TO DEACTIVATE COULD CAUSELOSS OF VEHICLE CONTROL AND AN ACCIDENT.NOTE: MANUFACTURER ADVISES DISCONNECTION OF THE SPEED CONTROL DEVICE TO PREVENTITS USE PRIOR TO HAVING IT REPAIRED.","1981","CHRYSLER","NEW YORKER"
927,"CHRYSLER CORPORATION","89V052000",0,0,0,"PE89093","29/03/1989","SUSPENSION:FRONT:CONTROL ARM:LOWER ARM","FRONT SUSPENSION CROSSMEMBER MAY CORRODE AND FAIL AT LOWER CONTROL ARM REAR PIVOT MOUNTS IF OPERATED WHERE SALT IS USED TO AID IN SNOW REMOVAL.","CONTROL ARM COULD DETACH FROM THE CROSSMEMBER, ADVERSELYAFFECTING DIRECTIONAL STABILITY, WHICH COULD RESULT IN AN ACCIDENT.","INSTALL ATTACHMENT REINFORCEMENT BRACKETS TO PREVENT CONTROL ARM DETACHMENT AS A RESULT OF CORROSION WEAKENING.","SYSTEM: FRONT SUSPENSION CROSSMEMBER.VEHICLE DESCRIPTION: PASSENGER CARS.","1981","DODGE","ARIES"
928,"CHRYSLER CORPORATION","81V021000",0,0,0,,"11/02/1981","SERVICE BRAKES, HYDRAULIC:FLUID","BRAKE FLUID MAY CONTAIN AN EXCESSIVE AMOUNT OF WATER. THIS CAN CAUSE DEGRADATION OF BRAKING PERFORMANCE OR BRAKE FAILURE UNDER A VARIETY OF CIRCUMSTANCES.",,"EXISTING BRAKE FLUID WILL BE REMOVED FROM BRAKE SYSTEM AND BRAKE SYSTEM WILL BE REFILLED WITH FRESH BRAKE FLUID.","VEHICLE DESCRIPTION: PASSENGER VEHICLES.SYSTEM: SERVICE BRAKES; BRAKE FLUID.CONSEQUENCES OF DEFECT: POOR BRAKE PERFORMANCE MAY INCREASE STOPPING DISTANCES.BRAKE FAILURE COULD OCCUR WITHOUT PRIOR WARNING. EITHER CONDITION MAY RESULT INAN ACCIDENT.","1981","DODGE","ARIES"
929,"CHRYSLER CORPORATION","81V093000",0,0,0,,"05/08/1981","EXTERIOR LIGHTING:BRAKE LIGHTS:SWITCH","THE STOP LAMP SWITCHES INSTALLED ON THE SUBJECT VEHICLES MAY HAVE INADEQUATE INTERNAL SWITCH CONTACT PRESSURE DUE TO AN INCORRECT FORMATION OF THE SWITCH CONTACT TERMINALS. THIS LACK OF SWITCH CONTACT CONTINUITY MAY RENDER THE (STOP) BRAKE WARNING LIGHTS INOPERATIVE.",,"THE STOP LAMP SWITCHES ON ALL INVOLVED VEHICLES WILL BE REPLACED AND PROPERLY FORMED TERMINALS WILL BE INSTALLED AT NO COST TO OWNER.","VEHICLE DESCRIPTION: PASSENGER VEHICLES.SYSTEM: LIGHTING AND COMMUNICATIONS; STOP LAMP SWITCH.CONSEQUENCES OF DEFECT: OTHER DRIVERS WOULD NOT BE ALERTED TO VEHICLE BRAKINGAND A REAR END COLLISION COULD RESULT.","1981","DODGE","ARIES"
930,"CHRYSLER CORPORATION","81V111000",0,0,0,,"22/09/1981","VEHICLE SPEED CONTROL","THE AUTOMATIC SPEED CONTROL SWITCH MAY STICK IN THE ""RESUME"" POSITION RESTRICTING RETURN MOVEMENT. THIS WILL NOT ALLOW THE NORMAL BRAKE PEDAL OPERATION TO DEACTIVATE THE SYSTEM.",,"THE SHIELD PORTION OF THE ""RESUME"" SLIDE LEVER IN THE SPEED CONTROL UNIT WILL BE REPLACED WITHOUT CHARGE.","VEHICLE DESCRIPTION: PASSENGER VEHICLES EQUIPPED WITH AUTOMATIC SPEED CONTROLSYSTEMS.SYSTEM: ELECTRIC POWER ACCESSORIES; AUTOMATIC SPEED CONTROL SWITCH.CONSEQUENCES OF DEFECT: FAILURE OF THE SPEED CONTROL TO DEACTIVATE COULD CAUSELOSS OF VEHICLE CONTROL AND AN ACCIDENT.NOTE: MANUFACTURER ADVISES DISCONNECTION OF THE SPEED CONTROL DEVICE TO PREVENTITS USE PRIOR TO HAVING IT REPAIRED.","1981","DODGE","ARIES"
925,"MARK III INDUSTRIES, INC.","90V137000",0,0,0,,"18/07/1990","SEAT BELTS:FRONT:ANCHORAGE",,"OCCUPANTS WOULD NOT BE ADEQUATELY PROTECTED IN EVENT OFAN ACCIDENT OR SUDDEN STOP.","INSTALL PROPER MOUNTING HARDWARE AND SEAT BELTS.","NOTE: THIS RECALL WAS INITIALIZED BY MARK III INDUSTRIES.SYSTEM: SEAT BELTS, SEAT BELT ANCHORS, AND SEAT MOUNTING. DOM: SEPT. 1978 TOSEPT. 1984.DESCRIPTION ON DEFECT: IMPROPER MOUNTING HARDWARE AND IMPROPER SAFETY RESTRAINTSYSTEMS MAY HAVE BEEN INSTALLED IN THESE VEHICLES.","1981","DODGE","B250"
926,"GRANGER INDUSTRIES","84V040000",0,0,0,,"29/03/1984","SEAT BELTS:REAR/OTHER","ALTERED VEHICLES EITHER DO NOT HAVE REAR COUCH SEAT BELTS INSTALLED, VIOLATING FEDERAL MOTOR VEHICLE SAFETY STANDARD 208, OCCUPANT CRASH PROTECTION, OR HAVE REAR COUCH SEAT BELTS WHICH DO NOT COMPLY WITH FEDERAL MOTOR VEHICLE SAFETY STANDARD 210, SEAT BELT ASSEMBLY ANCHORAGES.",,"MISSING REAR COUCH SEAT BELTS WILL BE INSTALLED AND IMPROPER ANCHORS WILL BE CORRECTED WITHOUT CHARGE.","VEHICLE DESCRIPTION: TRUCKS; VAN-TYPE.SYSTEM: INTERIOR SYSTEMS; SEAT BELTS AND ANCHORAGES.CONSEQUENCES OF DEFECT: MISSING OR IMPROPERLY ANCHORED SEAT BELTS INCREASE THECHANCES OF INJURY IN THE EVENT OF AN ACCIDENT.","1981","DODGE","B250"
931,"CHRYSLER CORPORATION","84V115000",0,0,0,,"24/09/1984","STRUCTURE:FRAME AND MEMBERS:UNDERBODY SHIELDS","VEHICLES ARE NOT IN COMPLIANCE WITH THE IMPACT TEST REQUIREMENTS OF FEDERAL MOTOR VEHICLE SAFETY STANDARD 301, ""FUEL SYSTEM INTEGRITY."" THE STRUCTURE OF THE REAR STEP BUMPER MAY NOT WITHSTAND A REAR END COLLISION SIMILAR TO THE FORCE CREATED IN TESTING; FUEL LEAKAGE MAY OCCUR UPON IMPACT.",,"A FUEL TANK PROTECTIVE SKID PLATE WILL BE INSTALLED FREE OF CHARGE.","VEHICLE DESCRIPTION: MULTIPURPOSE PASSENGER VEHICLES EQUIPPED WITH STEP BUMPERSBUT NOT EQUIPPED WITH FUEL TANK SKID PLATES.SYSTEM: FUEL SYSTEM; FUEL TANK.CONSEQUENCES OF DEFECT: LEAKING FUEL COULD RESULT IN VEHICLE FIRE AND PERSONALINJURY.","1981","DODGE","RAMCHARGER"
932,"FLEETWOOD ENT., INC.","85V106000",0,0,0,,"27/08/1985","FUEL SYSTEM, GASOLINE:STORAGE:TANK ASSEMBLY:FILLER PIPE AND CAP","MAIN FUEL TANK FILLER CAP MAY DISENGAGE SUDDENLY WHEN     REMOVING THE CAP FOR REFUELING. THE SUDDEN CAP DISENGAGEMENT PERMITS EXPULSION   OF VAPOR AND UNDER SOME CIRCUMSTANCES, SPRAYS GASOLINE AROUND THE SURROUNDING    AREA OR PERSONS.                                                                                                                                                  CONSEQUENCE OF DEFECT: THE GASOLINE SPILLAGE MAY CAUSE A FIRE AND/OR AN          EXPLOSION IF AN IGNITION SOURCE IS PRESENT.",,"REQUIRES THE REPLACEMENT OF THE SINGLE STAGE BAYONET CAP      WITH A TWO STAGE CAP WHICH REQUIRES AN ADDITIONAL ROTATION PRIOR TO REMOVAL.     ALSO A WARNING LABEL STICKER WILL BE ISSUED TO BE INSTALLED JUST ABOVE THE       GASOLINE FILL OPENING.","VEHICLE DESCRIPTION: MOTORHOMES.   SYSTEM: FUEL TANK CAP.","1981","FLEETWOOD","PACEARROW"
956,"FEDERAL-MOGUL CORPORATION","07E064000",0,0,0,,"27/08/2007","FUEL SYSTEM, GASOLINE:DELIVERY:FUEL PUMP","CERTAIN FEDERAL-MOGUL AFTERMARKET FUEL PUMPS SOLD UNDER THE BRAND NAMES OF CARTER, ACCUFLOW, NAPA, TRUFLOW, PARTS DEPO, AND PARTS MASTER, SHIPPED BETWEEN AUGUST 2006 AND JULY 2007 FOR USE ON THE VEHICLES LISTED ABOVE.  THE FUEL PUMP DIAPHRAGM IN CERTAIN PRODUCTION RUNS MAY HAVE BEEN IMPROPERLY INSTALLED OR INADEQUATELY TESTED WHICH MAY CAUSE THE FUEL PUMP TO LEAK.","A LEAKING FUEL PUMP COULD CREATE A VEHICLE FIRE HAZARD.","FEDERAL-MOGUL WILL NOTIFY OWNERS AND REPLACE THE DEFECTIVE FUEL PUMPS FREE OF CHARGE.  THE RECALL BEGAN ON OCTOBER 15, 2007.  OWNERS CAN CONTACT FEDERAL-MOGUL AT 248-354-7700.","THIS RECALL ONLY PERTAINS TO AFTERMARKET CARTER, NAPA, ACCUFLOW, TRU FLOW, PARTS MASTER, AND PARTS DEPOT BRAND FUEL PUMPS AND HAS NO RELATION TO ANY ORIGINAL EQUIPMENT INSTALLED ON THE LISTED MOTOR VEHICLES.  CUSTOMERS MAY CONTACT THE NATIONAL HIGHWAY TRAFFIC SAFETY ADMINISTRATION'S VEHICLE SAFETY HOTLINE AT 1-888-327-4236 (TTY: 1-800-424-9153); OR GO TO HTTP://WWW.SAFERCAR.GOV.","1981","FORD","BRONCO"
945,"MARK III INDUSTRIES, INC.","90V137000",0,0,0,,"18/07/1990","SEAT BELTS:FRONT:ANCHORAGE",,"OCCUPANTS WOULD NOT BE ADEQUATELY PROTECTED IN EVENT OFAN ACCIDENT OR SUDDEN STOP.","INSTALL PROPER MOUNTING HARDWARE AND SEAT BELTS.","NOTE: THIS RECALL WAS INITIALIZED BY MARK III INDUSTRIES.SYSTEM: SEAT BELTS, SEAT BELT ANCHORS, AND SEAT MOUNTING. DOM: SEPT. 1978 TOSEPT. 1984.DESCRIPTION ON DEFECT: IMPROPER MOUNTING HARDWARE AND IMPROPER SAFETY RESTRAINTSYSTEMS MAY HAVE BEEN INSTALLED IN THESE VEHICLES.","1981","FORD","E150"
946,"FORD MOTOR COMPANY","80V142000",0,0,0,,"04/11/1980","FUEL SYSTEM, GASOLINE:STORAGE:TANK ASSEMBLY","ON CERTAIN VEHICLES, METAL FASTENERS THAT WERE USED TO SECURE THE CARPETING TO THE FLOOR PAN MAY HAVE ACCIDENTALLY PENETRATED THE TOP OF THE FUEL TANK. THIS WOULD RESULT IN A SLIGHT FUEL LEAK.",,"DEALER WILL INSPECT VEHICLES FOR PENETRATION OF THE FUEL TANK BY CARPET FASTENERS. ANY LEAKING FUEL TANKS WILL BE REPLACED AND THE FLOOR PAN WILL BE SEALED, WITHOUT CHARGE TO OWNERS.","VEHICLE DESCRIPTION: PASSENGER VEHICLES.SYSTEM: FUEL; FUEL TANK.CONSEQUENCES OF DEFECT: FUEL  LEAKAGE MAY LEAD TO A VEHICLE FIRE AND PERSONALINJURY.","1981","FORD","ESCORT"
947,"FORD MOTOR COMPANY","80V134000",0,0,0,,"03/10/1980","SERVICE BRAKES, HYDRAULIC:FOUNDATION COMPONENTS","ON CERTAIN VEHICLES, THE RIGHT AND LEFT HAND REAR BRAKE BACKING PLATE ATTACHMENT BOLTS MAY NOT HAVE BEEN TIGHTENED TO THE CORRECT SPECIFICATIONS. BACKING PLATE BOLTS MAY NOT BE ABLE TO WITHSTAND THE LOADS EXPERIENCED DURING TRUCK SHIPMENT. IF THE BOLTS LOOSEN FROM THE SPINDLE DURING OPERATION, BACKING PLATE MOVEMENT MAY RESULT IN WEAKENING OR PREMATURE WEAR OF ONE OR BOTH REAR BRAKE TUBES. THIS COULD LEAD TO LOSS OF BRAKE FLUID.",,"DEALER WILL INSPECT AND TIGHTEN THE BOLTS TO THE PROPER SPECIFICATIONS. REAR BRAKE TUBES WILL BE REPLACED, IF NECESSARY, AT NO CHARGE TO OWNER.","VEHICLE DESCRIPTION: PASSENGER VEHICLES.SYSTEM: SERVICE BRAKES; REAR BRAKE BACKING PLATE, ATTACHMENT BOLTS.CONSEQUENCES OF DEFECT: LOSS OF BRAKE FLUID WOULD CAUSE LOSS OF BRAKINGCAPABILITY ON THE REAR BRAKE ADJACENT TO THE BROKEN TUBE AND ON THE OPPOSITESIDE FRONT BRAKE. ALTHOUGH PARTIAL BRAKING CAPABILITY WOULD REMAIN, THE VEHICLESTOPPING DISTANCE WOULD BE INCREASED AND AN ACCIDENT COULD RESULT. IF BOTH REARBRAKE TUBES FAIL, ALL HYDRAULIC BRAKING WOULD BE LOST AND LOSS OF VEHICLECONTROL AND AN ACCIDENT COULD OCCUR.NOTE: A LOOSE BACKING PLATE MAY RESULT IN NOTICEABLE NOISE DURING VEHICLEOPERATION.","1981","FORD","ESCORT"
948,"FORD MOTOR COMPANY","80V133000",0,0,0,,"15/10/1980","ELECTRICAL SYSTEM:WIRING:FRONT UNDERHOOD","SOME OF THE INVOLVED VEHICLES WERE PRODUCED WITH AN ENGINE COMPARTMENT WIRE ASSEMBLY THAT MAY HAVE BEEN ROUTED ABOVE THE AIR CONDITIONING SUCTION HOSE. THIS HOSE MAY PUSH UP ON THE WIRING HARNESS CAUSING IT TO CONTACT THE HOOD PROP ROD BRACKET ATTACHING BOLT. THIS COULD LEAD TO PENETRATION OR CHAFING OF THE WIRING INSULATION.",,"DEALER WILL INSPECT AND, IF NECESSARY, CORRECT THE WIRING HARNESS ROUTING AT NO CHARGE TO OWNER.","VEHICLE DESCRIPTION: PASSENGER VEHICLES EQUIPPED WITH AIR CONDITIONING.SYSTEM: ELECTRICAL; WIRING HARNESS, FRONT UNDERHOOD.CONSEQUENCES OF DEFECT: IF AN ELECTRICAL SHORT RESULTS, THE WIRING HARNESS MAYOVERHEAT, CREATING THE POTENTIAL FOR A VEHICLE FIRE AND PERSONAL INJURY TOPASSENGERS.","1981","FORD","ESCORT"
949,"FORD MOTOR COMPANY","84V085000",0,0,0,"EA83013","18/07/1984","SEATS","SCREW THAT CONNECTS THE SEAT BACK FRAME TO THE RECLINER MECHANISM MAY BREAK.",,"THE ATTACHMENT SCREW ON THE DRIVER""S SEAT WILL BE REPLACED BY ONE OF A LARGER DIAMETER.","VEHICLE DESCRIPTION: PASSENGER VEHICLES; STATION WAGON MODELS WITH FRONT SEATRECLINERS.SYSTEM: INTERIOR; DRIVERS SEAT BACK FRAME.CONSEQUENCES OF DEFECT: IF THE SEAT BACK IS PLACED UNDER REARWARD PRESSURE, THESEAT BACK MAY SUDDENLY FALL TO THE HORIZONTAL POSITON WITHOUT WARNING. IF THISOCCURS ON THE DRIVER""S SEAT, IT MAY AFFECT THE DRIVER""S CONTROL OF THE VEHICLE,POSSIBLY RESULTING IN AN ACCIDENT.","1981","FORD","ESCORT"
950,"FORD MOTOR COMPANY","84V071000",0,0,0,,"15/06/1984","SEATS","SEAT FRAME STRUCTURE COULD SEVER FRONT SEAT BELTS IF VEHICLE IS INVOLVED IN AN ACCIDENT, DEPENDING ON FORCE OF IMPACT.",,"DEALER WILL INSTALL A MOLDED SPACER BETWEEN REINFORCEMENT PLATES AND LOWER DECORATIVE PLASTIC COVER.","VEHICLE DESCRIPTION: PASSENGER VEHICLES EQUIPPED WITH NON-RECLINING FRONTSEATS.SYSTEM: INTERIOR; FRONT SEAT BELTS.CONSEQUENCES OF DEFECT: IF SEAT BELT IS CUT DURING IMPACT, FRONT PASSENGERSWILL NO LONGER BE PROTECTED BY SAFETY BELT, WHICH COULD RESULT IN PERSONALINJURY.NOTE: UNTIL THE DEFECT CAN BE CORRECTED, SEAT BELTS SHOULD BE USED AS THEY DOAFFORD SOME PROTECTION.","1981","FORD","ESCORT"
951,"FORD MOTOR COMPANY","81V045000",0,0,0,,"06/04/1981","VEHICLE SPEED CONTROL","FUEL MAY POSSIBLY TRAVEL THROUGH THE SPEED CONTROL VACUUM LINES AND INTO THE SPEED CONTROL ACTUATION DEVICE (SERV0). THE FUEL CAN DAMAGE SEALS IN THE ACTUATOR SERVO AND ALLOW VACUUM LEAKS. SUCH A LEAK COULD ACTIVATE THE SPEED CONTROL WITHOUT ANY ACTION ON THE PART OF THE DRIVER. THIS WOULD CAUSE THE VEHICLE TO GRADUALLY ACCELERATE.",,"THE VACUUM CHECK VALVE AND HOSE ASSEMBLY WILL BE REPLACED AND THE SPEED CONTROL SERVO WILL BE REPLACED IF IT HAS BEEN DAMAGED.","VEHICLE DESCRIPTION: PASSENGER VEHICLES EQUIPPED WITH SPEED CONTROL OPTION.SYSTEM: EQUIPMENT; SPEED CONTROL.CONSEQUENCES OF DEFECT: INCREASE IN VEHICLE SPEED CAN BE CONTROLLED BY APPLYINGTHE BRAKES, HOWEVER RELEASING THE BRAKES WILL ALLOW THE PROBLEM TO RECUR. IFTHE DRIVER IS INATTENTIVE TO VEHICLE SPEED, THE CONDITION COULD RESULT IN ANACCIDENT.","1981","FORD","ESCORT"
952,"FORD MOTOR COMPANY","83V063000",0,0,0,,"22/06/1983","LATCHES/LOCKS/LINKAGES:DOORS:LATCH","DOOR LOCK PILLARS COULD DEVELOP FATIGUE CRACKS FROM NORMAL USAGE OF DOOR, AT THE POINT WHERE DOOR LATCH STRIKER REINFORCEMENTS ARE ATTACHED.",,"ANY DAMAGED LOCK PILLARS WILL BE REPAIRED AND REINFORCEMENTS WILL BE INSTALLED BETWEEN THE DOOR LATCH STRIKER AND LOCK PILLARS.","VEHICLE DESCRIPTION: PASSENGER VEHICLES; TWO DOOR.SYSTEM: STRUCTURE; DOOR LOCK PILLARS.CONSEQUENCES OF DEFECT: DOOR MAY NOT LATCH PROPERLY. IN DRIVING OVER ROUGHROADS THE DOOR COULD OPEN, ALLOWING PASSENGER TO FALL FROM VEHICLE AND BECOMEINJURED.","1981","FORD","ESCORT"
953,"FORD MOTOR COMPANY","81V092000",0,0,0,,"22/07/1981","FUEL SYSTEM, GASOLINE:STORAGE:TANK ASSEMBLY:FILLER PIPE AND CAP","SOME OF THE INVOLVED VEHICLES HAVE AN ELECTRICALLY UNGROUNDED FUEL INLET. THESE VEHICLES ARE SUBJECT TO STATIC CHARGE ACCUMULATION AT THE FUEL FILLER PIPE OPENING, WHICH CAN OCCUR IF THESE VEHICLES ARE REFUELED FROM AN ELECTRICALLY UNGROUNDED DISPENSING NOZZLE.",,"A GROUNDING CONNECTION FROM THE FILLER PIPE INLET TO THE VEHICLE BODY AND A STATIC ELECTRICITY SUPPRESSION ROD INSIDE THE FILLER PIPE WILL BE INSTALLED AT NO CHARGE TO OWNER.","VEHICLE DESCRIPTION: PASSENGER VEHICLES.SYSTEM: FUEL; FUEL INLET.CONSEQUENCES OF DEFECT: THIS STATIC CHARGE MAY GENERATE A SPARK OF STATICELECTRICITY WHICH CAN IGNITE FUEL VAPOR AT THE FUEL PIPE OPENING. IF THEVEHICLE""S FUEL TANK IS EITHER REPLACED OR CLEANSED DURING REPAIR, A SPARK OFSTATIC ELECTRICITY GENERATED FURTHER DOWN THE FILLER PIPE MAY IGNITE FUEL VAPORINSIDE THE PIPE. IN EITHER EVENT, FIRE, PERSONAL INJURY AND PROPERTY DAMAGE MAYRESULT.","1981","FORD","ESCORT"
954,"FORD MOTOR COMPANY","81V084000",0,0,0,,"07/07/1981","SERVICE BRAKES, HYDRAULIC:POWER ASSIST:VACUUM","SOME VEHICLES EQUIPPED WITH POWER BRAKE BOOSTERS HAVE FRONT AND REAR SHELLS THAT MAY HAVE BEEN IMPROPERLY JOINED. IMPROPERLY JOINED BOOSTER SHELLS MAY SEPARATE EITHER PARTIALLY OR COMPLETELY DURING BRAKE APPLICATION.",,"ALL DEFECTIVE BOOSTERS WILL BE REPLACED AT NO CHARGE TO OWNER.","VEHICLE DESCRIPTION: PASSENGER VEHICLES EQUIPPED WITH POWER BRAKE BOOSTERS.SYSTEM: SERVICE BRAKES; POWER BRAKE BOOSTER.CONSEQUENCES OF DEFECT: THIS SEPARATION MAY RESULT IN TOTAL LOSS OF THE SERVICEBRAKES WITHOUT PRIOR WARNING, LOSS OF VEHICLE CONTROL, AND POSSIBLY, ANACCIDENT.NOTE: OWNER IS ADVISED TO CONTACT DEALER IMMEDIATELY TO FIND OUT WHETHER THEDEFECT WAS CORRECTED PRIOR TO VEHICLE PURCHASE. THE VEHICLE SHOULD NOT BEDRIVEN UNTIL THE PROBLEM IS CORRECTED.","1981","FORD","ESCORT"
955,"FORD MOTOR COMPANY","83V013000",0,0,0,,"17/02/1983","SEAT BELTS","THE PORTION OF THE ROOF ABOVE FRAME (RAIL) TO WHICH THE SHOULDER BELT IS ANCHORED MAY HAVE A SLOT THAT CAN COMPROMISE THE STRENGTH OF THE SHOULDER BELT ANCHOR UNDER CERTAIN SEVERE LOADS. (THE SUSPECT AREA IS NOT VISIBLE.) CONSEQUENTLY, SOME VEHICLES INCLUDED IN THIS RECALL MAY NOT MEET THE 3000 POUND ANCHORAGE STRENGTH REQUIREMENTS OF FEDERAL MOTOR VEHICLE SAFETY STANDARD 210, ""SEAT BELT ASSEMBLY ANCHORAGES"".",,"THE DEALER WILL INSPECT AND, IF NECESSARY, REINFORCE THE ROOF RAIL INNER PANEL SURROUNDING THE DRAINAGE HOLE AT NO COST TO OWNER.","VEHICLE DESCRIPTION: PASSENGER VEHICLES; STATION WAGON MODELS ONLY.SYSTEM: INTERIOR SYSTEMS; FRONT UPPER TORSO RESTRAINT (SHOULDER BELT)ANCHORAGE.CONSEQUENCES OF DEFECT: IN VERY SEVERE FRONT END COLLISIONS, THE PROTECTIONAFFORDED FRONT SEAT OCCUPANTS MAY BE REDUCED.NOTE: THIS RECALL SHOULD IN NO WAY DISCOURAGE THE USE OF THE BELTS PRIOR TOHAVING THE DEFECT CORRECTED.","1981","FORD","ESCORT"
933,"FORD MOTOR COMPANY","82V024000",0,0,0,,"15/03/1982","EQUIPMENT:MECHANICAL:CARRIER/RACK","THE REINFORCEMENT FOR THE IN-BOX SPARE TIRE CARRIER MAY HAVE BEEN ATTACHED USING INCORRECT HEX HEAD BOLTS. IF THE CARRIER AND REINFORCEMENT ATTACHING BOLTS ARE INCORRECT, THE POTENTIAL EXISTS FOR THE TIRE SIDEWALL TO BE DAMAGED OR WEAKENED BY EXTENDED CONTACT WITH THE SHARP EDGES OF THE BOLT HEADS.",,"DEALER WILL REPLACE BOLTS AND ANY DAMAGED SPARE TIRES AT NO COST TO OWNER.","VEHICLE DESCRIPTION: PICK-UP TRUCKS EQUIPPED WITH OPTIONAL SIDE-MOUNTED, IN-BOXSPARE TIRE CARRIERS.SYSTEM: EQUIPMENT; SPARE TIRE CARRIERS.CONSEQUENCES OF DEFECT: THE TIRE COULD FAIL WHILE VEHICLE IS IN OPERATIONCAUSING LOSS OF AIR AND A VEHICLE ACCIDENT.","1981","FORD","F150"
934,"FORD MOTOR COMPANY","80V145000",0,0,0,,"10/11/1980","FUEL SYSTEM, GASOLINE:STORAGE:TANK ASSEMBLY:MOUNTING","DURING A CHANGE IN ASSEMBLY PROCEDURES, CERTAIN OF THE MID-SHIP FUEL TANK STRAPS MAY HAVE BEEN IMPROPERLY INSTALLED OR MISLOCATED. AS A RESULT, THEY FAIL TO CONFORM TO FEDERAL MOTOR VEHICLE SAFETY STANDARD NO. 301, ""FUEL SYSTEM INTEGRITY"". IN THE EVENT OF A COLLISION, EXCESSIVE FUEL SPILLAGE MAY OCCUR.",,"DEALER WILL INSPECT AND, IF NECESSARY, RELOCATE FUEL TANK STRAPS WITHOUT CHARGE TO OWNER.","VEHICLE DESCRIPTION: LIGHT TRUCKS.SYSTEM: FUEL; FUEL TANK ATTACHMENTS.CONSEQUENCES OF DEFECT: FUEL SPILLAGE RESULTING FROM AN ACCIDENT COULD CAUSE AVEHICLE FIRE AND PERSONAL INJURY TO PASSENGERS.","1981","FORD","F150"
935,"FORD MOTOR COMPANY","81V061000",0,0,0,,"21/05/1981","STRUCTURE","THE INVOLVED TRUCKS WERE MANUFACTURED WITH A CERTAIN PORTION OF SPECIFIED FLOOR PAN INSULATION MATERIAL (BENEATH THE RIGHT FRONT PASSENGER SEAT) OMITTED. BECAUSE OF THIS OMISSION, A SECTION OF THE SHEET METAL FLOOR PAN WAS LEFT EXPOSED OVER THE EXHAUST SYSTEM IN AN AREA OF POSSIBLE PASSENGER CONTACT.",,"THE DEALER WILL INSTALL A REVISED DESIGN FLOORPAN INSULATOR PAD AT NO CHARGE TO OWNER.","VEHICLE DESCRIPTION: LIGHT TRUCKS EQUIPPED WITH RUBBER FLOOR MAT ASSEMBLIES.SYSTEM: STRUCTURE; FLOOR PAN INSULATION.CONSEQUENCES OF DEFECT: UNDER CERTAIN DRIVING CONDITIONS, THE SHEET METAL COULDREACH ABNORMAL TEMPERATURES WHICH COULD POTENTIALLY CAUSE PERSONAL INJURY.NOTE: THE OWNER IS ADVISED TO AVOID EXTENDED PERIODS OF IDLING BEFORE THEDEFECT IS CORRECTED. THE TEMPERATURES COULD ALSO BECOME HOT ENOUGH TO DAMAGEMATERIALS PLACED UNDER THE SEAT.","1981","FORD","F150"
936,"FORD MOTOR COMPANY","82V024000",0,0,0,,"15/03/1982","EQUIPMENT:MECHANICAL:CARRIER/RACK","THE REINFORCEMENT FOR THE IN-BOX SPARE TIRE CARRIER MAY HAVE BEEN ATTACHED USING INCORRECT HEX HEAD BOLTS. IF THE CARRIER AND REINFORCEMENT ATTACHING BOLTS ARE INCORRECT, THE POTENTIAL EXISTS FOR THE TIRE SIDEWALL TO BE DAMAGED OR WEAKENED BY EXTENDED CONTACT WITH THE SHARP EDGES OF THE BOLT HEADS.",,"DEALER WILL REPLACE BOLTS AND ANY DAMAGED SPARE TIRES AT NO COST TO OWNER.","VEHICLE DESCRIPTION: PICK-UP TRUCKS EQUIPPED WITH OPTIONAL SIDE-MOUNTED, IN-BOXSPARE TIRE CARRIERS.SYSTEM: EQUIPMENT; SPARE TIRE CARRIERS.CONSEQUENCES OF DEFECT: THE TIRE COULD FAIL WHILE VEHICLE IS IN OPERATIONCAUSING LOSS OF AIR AND A VEHICLE ACCIDENT.","1981","FORD","F250"
937,"FORD MOTOR COMPANY","80V145000",0,0,0,,"10/11/1980","FUEL SYSTEM, GASOLINE:STORAGE:TANK ASSEMBLY:MOUNTING","DURING A CHANGE IN ASSEMBLY PROCEDURES, CERTAIN OF THE MID-SHIP FUEL TANK STRAPS MAY HAVE BEEN IMPROPERLY INSTALLED OR MISLOCATED. AS A RESULT, THEY FAIL TO CONFORM TO FEDERAL MOTOR VEHICLE SAFETY STANDARD NO. 301, ""FUEL SYSTEM INTEGRITY"". IN THE EVENT OF A COLLISION, EXCESSIVE FUEL SPILLAGE MAY OCCUR.",,"DEALER WILL INSPECT AND, IF NECESSARY, RELOCATE FUEL TANK STRAPS WITHOUT CHARGE TO OWNER.","VEHICLE DESCRIPTION: LIGHT TRUCKS.SYSTEM: FUEL; FUEL TANK ATTACHMENTS.CONSEQUENCES OF DEFECT: FUEL SPILLAGE RESULTING FROM AN ACCIDENT COULD CAUSE AVEHICLE FIRE AND PERSONAL INJURY TO PASSENGERS.","1981","FORD","F250"
938,"FORD MOTOR COMPANY","81V061000",0,0,0,,"21/05/1981","STRUCTURE","THE INVOLVED TRUCKS WERE MANUFACTURED WITH A CERTAIN PORTION OF SPECIFIED FLOOR PAN INSULATION MATERIAL (BENEATH THE RIGHT FRONT PASSENGER SEAT) OMITTED. BECAUSE OF THIS OMISSION, A SECTION OF THE SHEET METAL FLOOR PAN WAS LEFT EXPOSED OVER THE EXHAUST SYSTEM IN AN AREA OF POSSIBLE PASSENGER CONTACT.",,"THE DEALER WILL INSTALL A REVISED DESIGN FLOORPAN INSULATOR PAD AT NO CHARGE TO OWNER.","VEHICLE DESCRIPTION: LIGHT TRUCKS EQUIPPED WITH RUBBER FLOOR MAT ASSEMBLIES.SYSTEM: STRUCTURE; FLOOR PAN INSULATION.CONSEQUENCES OF DEFECT: UNDER CERTAIN DRIVING CONDITIONS, THE SHEET METAL COULDREACH ABNORMAL TEMPERATURES WHICH COULD POTENTIALLY CAUSE PERSONAL INJURY.NOTE: THE OWNER IS ADVISED TO AVOID EXTENDED PERIODS OF IDLING BEFORE THEDEFECT IS CORRECTED. THE TEMPERATURES COULD ALSO BECOME HOT ENOUGH TO DAMAGEMATERIALS PLACED UNDER THE SEAT.","1981","FORD","F250"
939,"FORD MOTOR COMPANY","81V023000",0,0,0,,"13/02/1981","FUEL SYSTEM, GASOLINE:STORAGE:TANK ASSEMBLY:MOUNTING","CERTAIN VEHICLES MAY HAVE BEEN ASSEMBLED WITHOUT THE SPECIFIED FUEL TANK SHIELD WHICH PREVENTS DIRECT CONTACT BETWEEN THE FUEL TANK AND DRIVELINE COMPONENTS. DURING A 30 MPH FRONTAL BARRIER IMPACT TEST, AS SPECIFIED IN FEDERAL MOTOR VEHICLE SAFETY STANDARD NO. 301, ""FUEL SYSTEM INTEGRITY"", FUEL LEAKAGE MAY OCCUR.",,"VEHICLES WILL HAVE THE EXISTING SEPARATE SKID PLATE OR FUEL TANK SHIELD REMOVED (WHICHEVER WAS INSTALLED ON VEHICLE). A SPECIAL COMBINATION SKID PLATE/FUEL TANK SHIELD ASSEMBLY WILL BE INSTALLED IN ITS PLACE FREE OF CHARGE.","VEHICLE DESCRIPTION: LIGHT TRUCKS.SYSTEM: FUEL; FUEL TANK SHIELD OR SKID PLATE.CONSEQUENCES OF DEFECT: IN THE EVENT THE VEHICLE IS INVOLVED IN A COLLISIONFUEL LEAKAGE, COMBINED WITH AN IGNITION SOURCE, MAY RESULT IN A VEHICLE FIREAND SERIOUS INJURY TO PASSENGERS.","1981","FORD","F250"
940,"FORD MOTOR COMPANY","81V121000",0,0,0,,"06/10/1981","WHEELS:MULTI PIECE","THE OWNER""S GUIDE MAY CONTAIN AN ERROR IN THE WHEEL LUG NUT TORQUE SPECIFICATION CHART. INCORRECT INFORMATION COULD RESULT IN IMPROPER TORQUE OF THE LUG NUTS DURING WHEEL REPLACEMENT. LUG NUTS COULD COME LOOSE DURING VEHICLE OPERATION.",,"AN ADHESIVE-BACKED, REVISED PAGE WILL BE SUPPLIED TO OWNERS FOR INSERTION IN THE OWNER""S GUIDE. IN ADDITION, DEALERS WILL PROVIDE TORQUE VERIFICATION, IF ONE OR MORE WHEELS HAVE BEEN SERVICED, AT NO COST TO OWNERS.","VEHICLE DESCRIPTION: LIGHT TRUCKS.SYSTEM: LABELS AND INFORMATION; OWNER""S GUIDE.CONSEQUENCES OF DEFECT: THIS DEFECT COULD LEAD TO WHEEL DETACHMENT, LOSS OFVEHICLE CONTROL AND AN ACCIDENT.NOTE: VEHICLE VIBRATION, WHEEL CLUNKING OR OTHER NOISES ARE INDICATORS OF THEDEFECT. IF ONE OR MORE WHEELS HAVE BEEN SERVICED, OWNER IS ADVISED TO HAVE THEPROPER LUG NUT TORQUE VERIFIED.","1981","FORD","F250"
941,"FORD MOTOR COMPANY","82V024000",0,0,0,,"15/03/1982","EQUIPMENT:MECHANICAL:CARRIER/RACK","THE REINFORCEMENT FOR THE IN-BOX SPARE TIRE CARRIER MAY HAVE BEEN ATTACHED USING INCORRECT HEX HEAD BOLTS. IF THE CARRIER AND REINFORCEMENT ATTACHING BOLTS ARE INCORRECT, THE POTENTIAL EXISTS FOR THE TIRE SIDEWALL TO BE DAMAGED OR WEAKENED BY EXTENDED CONTACT WITH THE SHARP EDGES OF THE BOLT HEADS.",,"DEALER WILL REPLACE BOLTS AND ANY DAMAGED SPARE TIRES AT NO COST TO OWNER.","VEHICLE DESCRIPTION: PICK-UP TRUCKS EQUIPPED WITH OPTIONAL SIDE-MOUNTED, IN-BOXSPARE TIRE CARRIERS.SYSTEM: EQUIPMENT; SPARE TIRE CARRIERS.CONSEQUENCES OF DEFECT: THE TIRE COULD FAIL WHILE VEHICLE IS IN OPERATIONCAUSING LOSS OF AIR AND A VEHICLE ACCIDENT.","1981","FORD","F350"
942,"FORD MOTOR COMPANY","80V145000",0,0,0,,"10/11/1980","FUEL SYSTEM, GASOLINE:STORAGE:TANK ASSEMBLY:MOUNTING","DURING A CHANGE IN ASSEMBLY PROCEDURES, CERTAIN OF THE MID-SHIP FUEL TANK STRAPS MAY HAVE BEEN IMPROPERLY INSTALLED OR MISLOCATED. AS A RESULT, THEY FAIL TO CONFORM TO FEDERAL MOTOR VEHICLE SAFETY STANDARD NO. 301, ""FUEL SYSTEM INTEGRITY"". IN THE EVENT OF A COLLISION, EXCESSIVE FUEL SPILLAGE MAY OCCUR.",,"DEALER WILL INSPECT AND, IF NECESSARY, RELOCATE FUEL TANK STRAPS WITHOUT CHARGE TO OWNER.","VEHICLE DESCRIPTION: LIGHT TRUCKS.SYSTEM: FUEL; FUEL TANK ATTACHMENTS.CONSEQUENCES OF DEFECT: FUEL SPILLAGE RESULTING FROM AN ACCIDENT COULD CAUSE AVEHICLE FIRE AND PERSONAL INJURY TO PASSENGERS.","1981","FORD","F350"
943,"FORD MOTOR COMPANY","81V035000",0,0,0,,"20/03/1981","WHEELS:RIM","CERTAIN VEHICLES MAY NOT HAVE HAD THE DISC PORTION OF THE WHEEL WELDED TO THE RIM DURING MANUFACTURE. CONSEQUENTLY, THE WHEEL COULD BE SUBJECT TO SUDDEN SEPARATION OF THE RIM AND TIRE FROM THE WHEEL DISC.",,"SUSPECT WHEELS WILL BE INSPECTED AND REPLACED, IF NECESSARY, AT NO CHARGE.","VEHICLE DESCRIPTION: LIGHT TRUCKS EQUIPPED WITH DUAL REAR WHEELS.SYSTEM: SUSPENSION; REAR WHEELS.CONSEQUENCES OF DEFECT: DRIVER COULD LOSE VEHICLE CONTROL, WITHOUT PRIORWARNING, AND HAVE AN ACCIDENT.","1981","FORD","F350"
944,"FORD MOTOR COMPANY","81V023000",0,0,0,,"13/02/1981","FUEL SYSTEM, GASOLINE:STORAGE:TANK ASSEMBLY:MOUNTING","CERTAIN VEHICLES MAY HAVE BEEN ASSEMBLED WITHOUT THE SPECIFIED FUEL TANK SHIELD WHICH PREVENTS DIRECT CONTACT BETWEEN THE FUEL TANK AND DRIVELINE COMPONENTS. DURING A 30 MPH FRONTAL BARRIER IMPACT TEST, AS SPECIFIED IN FEDERAL MOTOR VEHICLE SAFETY STANDARD NO. 301, ""FUEL SYSTEM INTEGRITY"", FUEL LEAKAGE MAY OCCUR.",,"VEHICLES WILL HAVE THE EXISTING SEPARATE SKID PLATE OR FUEL TANK SHIELD REMOVED (WHICHEVER WAS INSTALLED ON VEHICLE). A SPECIAL COMBINATION SKID PLATE/FUEL TANK SHIELD ASSEMBLY WILL BE INSTALLED IN ITS PLACE FREE OF CHARGE.","VEHICLE DESCRIPTION: LIGHT TRUCKS.SYSTEM: FUEL; FUEL TANK SHIELD OR SKID PLATE.CONSEQUENCES OF DEFECT: IN THE EVENT THE VEHICLE IS INVOLVED IN A COLLISIONFUEL LEAKAGE, COMBINED WITH AN IGNITION SOURCE, MAY RESULT IN A VEHICLE FIREAND SERIOUS INJURY TO PASSENGERS.","1981","FORD","F350"
960,"FORD MOTOR COMPANY","82V120000",0,0,0,,"07/12/1982","SERVICE BRAKES, HYDRAULIC:FOUNDATION COMPONENTS:HOSES, LINES/PIPING, AND FITTINGS","THE BRAKE MASTER CYLINDER TO CHASSIS TUBE AND HOSE ASSEMBLY MAY HAVE BEEN LOCATED IN SUCH A WAY THAT IT IS SUSCEPTIBLE TO CHAFING DURING VEHICLE OPERATION. CONTINUED CHAFING MAY RESULT IN TUBE OR HOSE FAILURE AND SUBSEQUENT LOSS OF BRAKE FLUID.",,"THE DEALER WILL INSPECT AND, IF NECESSARY, INSTALL A BRAKE LINE ATTACHING CLIP AND REPLACE ANY DAMAGED BRAKE TUBE AND HOSE ASSEMBLY WITHOUT CHARGE.","VEHICLE DESCRIPTION: HEAVY TRUCKS EQUIPPED WITH HYDRAULIC BRAKES.SYSTEM: SERVICE BRAKES; HYDRAULIC BRAKE TUBE AND HOSE ASSEMBLY.CONSEQUENCES OF DEFECT: LOSS OF BRAKE FLUID WOULD LEAD TO A REDUCTION IN ORLOSS OF SERVICE BRAKING CAPABILITY WHICH COULD CAUSE LOSS OF VEHICLE CONTROLAND AN ACCIDENT.NOTE: VEHICLE OPERATOR MAY BE ALERTED TO THE PROBLEM BY A DROP IN BRAKE PEDALHEIGHT DURING APPLICATION. ILLUMINATION OF BRAKE WARNING LIGHT ON THEINSTRUMENT PANEL MAY ALSO ALERT DRIVER TO THE SITUATION.","1981","FORD","F880"
961,"FORD MOTOR COMPANY","82V119000",0,0,0,,"07/12/1982","VEHICLE SPEED CONTROL:CABLES","THESE VEHICLES MAY HAVE BEEN MANUFACTURED WITH AN INCORRECT END CLAMP ON THE HAND THROTTLE ACTUATING CABLE. UNDER CERTAIN CONDITIONS, PERTAINING TO THE CLAMP-TO-THROTTLE CABLE ORIENTATION AND DISTANCES OF THE CABLE TO GOVERNOR SHAFT, THE THROTTLE CABLE END CLAMP MAY INTERFERE WITH THE OUTBOARD ACCELERATOR.",,"THE DEALER WILL INSPECT HAND THROTTLE CLAMP FOR INTERFERENCE AND, IF NECESSARY, REPLACE THESE CLAMPS FREE OF CHARGE.","VEHICLE DESCRIPTION: TRUCKS AND BUSES EQUIPPED WITH 8.2 LITER DIESEL ENGINESAND OPTIONAL HAND THROTTLE CONTROLS.SYSTEM: FUEL; HAND THROTTLE.CONSEQUENCES OF DEFECT: IF SUCH INTERFERENCE OCCURS, THE THROTTLE MAY NOTRETURN TO THE IDLE POSITION UPON RELEASE OF THE ACCELERATOR PEDAL, POSSIBLYCAUSING LOSS OF VEHICLE CONTROL AND AN ACCIDENT.","1981","FORD","F880"
957,"FEDERAL-MOGUL CORPORATION","07E064000",0,0,0,,"27/08/2007","FUEL SYSTEM, GASOLINE:DELIVERY:FUEL PUMP","CERTAIN FEDERAL-MOGUL AFTERMARKET FUEL PUMPS SOLD UNDER THE BRAND NAMES OF CARTER, ACCUFLOW, NAPA, TRUFLOW, PARTS DEPO, AND PARTS MASTER, SHIPPED BETWEEN AUGUST 2006 AND JULY 2007 FOR USE ON THE VEHICLES LISTED ABOVE.  THE FUEL PUMP DIAPHRAGM IN CERTAIN PRODUCTION RUNS MAY HAVE BEEN IMPROPERLY INSTALLED OR INADEQUATELY TESTED WHICH MAY CAUSE THE FUEL PUMP TO LEAK.","A LEAKING FUEL PUMP COULD CREATE A VEHICLE FIRE HAZARD.","FEDERAL-MOGUL WILL NOTIFY OWNERS AND REPLACE THE DEFECTIVE FUEL PUMPS FREE OF CHARGE.  THE RECALL BEGAN ON OCTOBER 15, 2007.  OWNERS CAN CONTACT FEDERAL-MOGUL AT 248-354-7700.","THIS RECALL ONLY PERTAINS TO AFTERMARKET CARTER, NAPA, ACCUFLOW, TRU FLOW, PARTS MASTER, AND PARTS DEPOT BRAND FUEL PUMPS AND HAS NO RELATION TO ANY ORIGINAL EQUIPMENT INSTALLED ON THE LISTED MOTOR VEHICLES.  CUSTOMERS MAY CONTACT THE NATIONAL HIGHWAY TRAFFIC SAFETY ADMINISTRATION'S VEHICLE SAFETY HOTLINE AT 1-888-327-4236 (TTY: 1-800-424-9153); OR GO TO HTTP://WWW.SAFERCAR.GOV.","1981","FORD","FAIRMONT"
958,"FORD MOTOR COMPANY","80V152000",0,0,0,,"19/11/1980","SERVICE BRAKES, HYDRAULIC:PEDALS AND LINKAGES","ON SOME OF THE INVOLVED VEHICLES, THE BRAKE PUSHROD TO BRAKE PEDAL RETAINING PINS MAY BE MISSING OR LOOSE. INSECURELY INSTALLED OR MISSING RETAINERS COULD RESULT IN DISENGAGEMENT OF THE BRAKE PUSHROD AND TOTAL LOSS OF SERVICE BRAKING.",,"DEALER WILL INSPECT AND, IF NECESSARY, INSTALL A BRAKE PEDAL RETAINING PIN.","VEHICLE DESCRIPTION: PASSENGER VEHICLES.SYSTEM: SERVICE BRAKES; BRAKE PUSHROD RETAINER PINS.CONSEQUENCES OF DEFECT: THIS COULD OCCUR WITHOUT PRIOR WARNING AND RESULT IN AVEHICLE ACCIDENT.NOTE: THE DRIVER IS ADVISED NOT TO DRIVE THE VEHICLE UNTIL THE NECESSARYCORRECTIONS HAVE BEEN MADE.","1981","FORD","FAIRMONT"
959,"FEDERAL-MOGUL CORPORATION","07E064000",0,0,0,,"27/08/2007","FUEL SYSTEM, GASOLINE:DELIVERY:FUEL PUMP","CERTAIN FEDERAL-MOGUL AFTERMARKET FUEL PUMPS SOLD UNDER THE BRAND NAMES OF CARTER, ACCUFLOW, NAPA, TRUFLOW, PARTS DEPO, AND PARTS MASTER, SHIPPED BETWEEN AUGUST 2006 AND JULY 2007 FOR USE ON THE VEHICLES LISTED ABOVE.  THE FUEL PUMP DIAPHRAGM IN CERTAIN PRODUCTION RUNS MAY HAVE BEEN IMPROPERLY INSTALLED OR INADEQUATELY TESTED WHICH MAY CAUSE THE FUEL PUMP TO LEAK.","A LEAKING FUEL PUMP COULD CREATE A VEHICLE FIRE HAZARD.","FEDERAL-MOGUL WILL NOTIFY OWNERS AND REPLACE THE DEFECTIVE FUEL PUMPS FREE OF CHARGE.  THE RECALL BEGAN ON OCTOBER 15, 2007.  OWNERS CAN CONTACT FEDERAL-MOGUL AT 248-354-7700.","THIS RECALL ONLY PERTAINS TO AFTERMARKET CARTER, NAPA, ACCUFLOW, TRU FLOW, PARTS MASTER, AND PARTS DEPOT BRAND FUEL PUMPS AND HAS NO RELATION TO ANY ORIGINAL EQUIPMENT INSTALLED ON THE LISTED MOTOR VEHICLES.  CUSTOMERS MAY CONTACT THE NATIONAL HIGHWAY TRAFFIC SAFETY ADMINISTRATION'S VEHICLE SAFETY HOTLINE AT 1-888-327-4236 (TTY: 1-800-424-9153); OR GO TO HTTP://WWW.SAFERCAR.GOV.","1981","FORD","GRANADA"
962,"FREIGHTLINER CORP.","81V099000",0,0,0,,"25/08/1981","TRAILER HITCHES","THE SAFETY CHAIN BALE PORTION OF THE TOWING ATTACHMENT MAY HAVE A DEFECTIVE WELD IN A CRITICAL AREA. IF THE TRAILER HITCH SHOULD BECOME UNLATCHED OR IN THE EVENT OF AN ACCIDENT CAUSING THE TRUCK AND TRAILER TO BECOME SEPARATED, THE RESULTING FORCES COULD CAUSE A FAILURE OF THE SAFETY CHAIN BALE. A FAILURE OF THIS PART WOULD ALLOW COMPLETE SEPARATION OF THE TRUCK AND TRAILER WITHOUT PRIOR WARNING.",,"UPON SEPARATION, THE TRAILER WOULD TRAVEL OUT OF CONTROL UNTIL THE EMERGENCY BRAKING SYSTEM COULD BRING IT TO A STOP. A VEHICLE ACCIDENT COULD RESULT. CORRECTIVE ACTION: THE SAFETY CHAIN BALE WILL BE INSPECTED AND, IF NECESSARY, REPLACED WITH A NEW ONE.","VEHICLE DESCRIPTION: TRUCKS WITH TOW HITCH.SYSTEM: STRUCTURE; SAFETY CHAIN BALE.","1981","FREIGHTLINER","FREIGHTLINER"
963,"FREIGHTLINER CORP.","84V159000",0,0,0,,"20/12/1984","SUSPENSION:REAR:SPRINGS:AIR SUSPENSION SYSTEM","A POORLY DESIGNED BRACKET WHICH MOUNTS THE SERVICE/PARKING BRAKE UNIT TO THE REAR DRIVE AXLE MAY ALLOW DAMAGE TO BRAKE CHAMBER. DAMAGE MAY CAUSE THE SPRING BRAKE TO BE APPLIED.",,"BRAKE CHAMBER SUPPORT BRACKETS WILL BE REPLACED WITH A TYPE THAT PROVIDES THE NECESSARY CLEARANCE, WITHOUT COST TO THE OWNER.","VEHICLE DESCRIPTION: TRUCKS EQUIPPED WITH DISC BRAKES IN COMBINATION WITH AIRSUSPENSION SYSTEM.SYSTEM: BRAKING; BRAKE CHAMBER MOUNTING BRACKETS.CONSEQUENCES OF DEFECT: LOSS OF VEHICLE CONTROL MAY OCCUR WITHOUT PRIORWARNING, RESULTING IN AN ACCIDENT.NOTE: THIS PROBLEM SHOULD BE CORRECTED IMMEDIATELY.","1981","FREIGHTLINER","FREIGHTLINER"
964,"FREIGHTLINER CORP.","82V114000",0,0,0,,"01/12/1982","SERVICE BRAKES, AIR:SLACK ADJUSTERS","BRAKES MAY FAIL TO CONFORM TO FEDERAL MOTOR VEHICLE SAFETY STANDARD NO. 121, ""AIR BRAKE SYSTEMS"". THE AIR BRAKES ON THE FRONT AXLE MAY NOT ACTUATE AND RELEASE WITHIN THE TIME REQUIRED FOR SAFE BRAKING. THE BRAKES MAY EXCEED THE .55 SECOND LIMITS.",,"THE DEALER WILL MODIFY THE BRAKE SYSTEM BY ADDING AN AIR BRAKE RELAY VALVE AND NECESSARY PIPING TO THE FRONT AXLE AIR BRAKE SYSTEM FREE OF CHARGE.","VEHICLE DESCRIPTION: HEAVY TRUCKS EQUIPPED WITH 14,000 LB. GAWR FRONT STEERINGAXLE.SYSTEM: SERVICE BRAKES; AIR BRAKES.CONSEQUENCES OF DEFECT: THE TIME THAT IT TAKES FOR THE BRAKES TO REACT COULD BEUNSAFE. DEGRADED BRAKE CONTROL COULD CAUSE LOSS OF VEHICLE CONTROL AND MAYRESULT IN AN ACCIDENT.","1981","FREIGHTLINER","FREIGHTLINER"
965,"FREIGHTLINER CORP.","84V021000",0,0,0,,"02/03/1984","STEERING:LINKAGES","A BOLT MAY NOT HAVE BEEN FULLY TIGHTENED ON THE PITMAN ARM AND RETAINING SCREWS MAY NOT HAVE BEEN INSTALLED OR MAY NOT HAVE BEEN FULLY TIGHTENED. THE PITMAN ARM COULD SEPARATE FROM THE STEERING SHAFT.",,"A RETAINER WILL BE INSTALLED, OR THE PITMAN ARM WILL BE REPLACED, IF LOOSE.","VEHICLE DESCRIPTION: HEAVY TRUCKS EQUIPPED WITH SHEPPARD MODEL 392 STEERINGGEAR SYSTEMS.SYSTEM: STEERING; PITMAN ARM.CONSEQUENCES OF DEFECT: LOSS OF STEERING WOULD RESULT, POSSIBLY CAUSING ANACCIDENT.","1981","FREIGHTLINER","FREIGHTLINER"
966,"FREIGHTLINER CORP.","81V116000",0,0,0,,"01/10/1981","STEERING:LINKAGES","THE KNUCKLE STOP NUTS ARE TOO SHORT, POSSIBLY RESULTING IN FAILURE OF THE NUT UNDER HEAVY STEERING FORCE. THIS MAY ALLOW THE WHEEL TO ROTATE TOO FAR TO THE RIGHT OR LEFT, PERMITTING THE TIRE TO CONTACT OTHER VEHICLE PARTS.",,"ALL SHORT KNUCKLE STOP NUTS WILL BE REPLACED WITH LONGER ONES WITHOUT CHARGE TO OWNER.","VEHICLE DESCRIPTION: TRUCKS EQUIPPED WITH FK-132 FRONT AXLES AND MANUALSTEERING.SYSTEM: STEERING; KNUCKLE STOP NUTS.CONSEQUENCES OF DEFECT: STEERING CONTROL WILL BE ADVERSELY AFFECTED AND VEHICLEACCIDENT IS POSSIBLE.","1981","FREIGHTLINER","FREIGHTLINER"
967,"FREIGHTLINER CORP.","81V101000",0,0,0,,"01/09/1981","FUEL SYSTEM, GASOLINE:STORAGE:TANK ASSEMBLY:MOUNTING","THE FOUR BOLTS USED TO ATTACH EACH FUEL TANK SUPPORT BRACKET TO THE FRAME CONTAIN ""QUENCH CRACKS"" DUE TO IMPROPER HEAT TREATMENT IN THE MANUFACTURING PROCESS. THESE DEFECTIVE BOLTS COULD GIVE WAY, ALLOWING THE FUEL TANK TO BECOME DISLODGED FROM THE BRACKET OR THE BRACKET FROM THE FRAME.",,"ALL BOLTS AND NUTS USED TO ATTACH THE FUEL TANK BRACKETS TO THE FRAMES WILL BE REPLACED AT NO CHARGE TO OWNER.","VEHICLE DESCRIPTION: TRUCKS.SYSTEM: FUEL; FUEL TANK BRACKET BOLTS.CONSEQUENCES OF DEFECT: THE POSSIBILITY EXISTS FOR THE HANGING TANK TO CONTACTTHE TIRES OF THE DRIVE AXLE AND DISRUPT PROPER CONTROL OF THE VEHICLE. THEPOSSIBILITY ALSO EXISTS FOR THE DISLODGED TANK TO SLIDE INTO A TRAFFIC LANE,PRESENTING A HAZARD TO OTHER DRIVERS. AN ACCIDENT COULD OCCUR IN EITHER CASE.","1981","FREIGHTLINER","FREIGHTLINER"
968,"FREIGHTLINER CORP.","86V084000",0,0,0,,"01/07/1986","WHEELS:HUBCAP/COVER","THE ALUMINUM WHEEL HUBS DEVELOP CRACKS NEAR THE INNER     WHEEL BEARING, ALLOWING LOSS OF BEARING LUBRICANT.                                                                                                                CONSEQUENCE OF DEFECT: THE HUB FAILURE AND/OR LOSS OF BEARING LUBRICANT          RESULTING IN BEARING FREEZE UP COULD RESULT IN STEERING CONTROL PROBLEMS, WHICH  MAY LEAD TO AN ACCIDENT.",,"REPLACE THE HUBS FROM THE SUSPECT BATCH.","SYSTEM: WHEEL HUB OF FRONT STEERING AXLE.                                                                                                                       VEHICLE DESCRIPTION: HIGH C.O.E. MODEL SERIES AND LONG CONVENTIONAL MODEL       TRUCKS EQUIPPED WITH MODEL FF-971 FRONT STEERING AXLE.","1981","FREIGHTLINER","FREIGHTLINER"
969,"FREIGHTLINER CORP.","83V015000",0,0,0,,"23/02/1983","SEAT BELTS:FRONT","PROTECTIVE SLEEVES THAT COVER THE LAP BELTS IN THE AREA OF SEAT CUSHION SUPPORT PAN WERE OMITTED. SEAT BELTS MAY FAIL DURING A COLLISION. BELTS ARE NOT IN COMPLIANCE WITH THE REQUIREMENTS OF FEDERAL MOTOR VEHICLE SAFETY STANDARD 207, ""SEATING SYSTEMS"".",,"THE DEALER WILL INSPECT AND REPLACE THE LAP BELTS WITH BELTS HAVING A PROTECTIVE SLEEVE AROUND THE PORTION OF THE WEBBING ALONG THE SIDES OF THE SEAT CUSION AND FRAME.","VEHICLE DESCRIPTION: HEAVY TRUCKS EQUIPPED WITH BOSTROM MODEL 720 SEATS.SYSTEM: INTERIOR SYSTEMS; RESTRAINT LAP BELT.CONSEQUENCES OF DEFECT: WHEN TESTED FOR COMPLIANCE WITH THE STANDARD, THEWEBBING FAILED TO WITHSTAND THE REQUIRED LOAD OF 5000 POUNDS. THE WEBBINGFAILED WHERE IT BEARS AGAINST THE HARD EDGE OF THE SEAT CUSHION SUPPORT PAN.LAP BELT FAILURE IN A COLLISION INCREASES THE POTENTIAL FOR OCCUPANT INJURY.","1981","FREIGHTLINER","FREIGHTLINER"
970,"FREIGHTLINER CORP.","81V097000",0,0,0,,"12/08/1981","SERVICE BRAKES, AIR:SUPPLY:HOSES, LINES/PIPING, AND FITTINGS","ON THE INVOLVED VEHICLES, BOTH THE AIR BRAKE HOSE CONNECTIONS AND THE AIR PRESSURE GAUGES FOR THE DUEL BRAKE FEATURE MAY HAVE BEEN CONNECTED IN REVERSE ORDER. INCORRECTLY CONNECTED BRAKE HOSES IN COMBINATION WITH AN AIR LEAK IN EITHER THE PRIMARY OR SECONDARY BRAKE SYSTEMS COULD CAUSE BRAKE FAILURE ON ONE OR MORE AXLES.",,"VEHICLES WILL BE INSPECTED AND MODIFICATIONS PERFORMED TO BRAKE HOSE CONNECTIONS WITHOUT CHARGE TO OWNER.","VEHICLE DESCRIPTION: TRUCKS.SYSTEM: SERVICE BRAKES; AIR BRAKE HOSES.CONSEQUENCES OF DEFECT: IF VEHICLE IS OPERATED IN THE BOB-TAIL CONDITION(WITHOUT TRAILER) THE BRAKES COULD FAIL ON ALL AXLES. IF A TRAILER IS BEINGTOWED, THE BRAKING CAPABILITY WOULD STILL BE GREATLY IMPAIRED. IN EITHER CASEAN ACCIDENT COULD RESULT.NOTE: IN THE EVENT OF AN AIR LEAK IN THE BRAKING SYSTEM, THE LOW AIR PRESSUREWARNING SYSTEM WOULD ALERT THE DRIVER. ARRANGEMENTS SHOULD BE MADE TO HAVE THEVEHICLE INSPECTED IMMEDIATELY AT THE NEAREST FREIGHTLINER DEALER.","1981","FREIGHTLINER","FREIGHTLINER"
971,"AMERICAN HONDA MOTOR CO.","84V086000",0,0,0,,"18/07/1984","STRUCTURE:FRAME AND MEMBERS","THE SPRINGS ARE HELD UP BY A METAL SUPPORT AROUND EACH SHOCK ABSORBER. VEHICLES DRIVEN REGULARLY IN AREAS WHERE ROADS ARE SALTED DURING WINTERTIME ARE SUBJECT TO RUSTING OF THESE SUPPORTS. RUSTING MAY EVENTUALLY ALLOW THE SPRING TO BREAK THROUGH THE SUPPORT.",,"THE SPRING SUPPORTS AND SHOCKS WILL BE INSPECTED; DEPENDING ON CONDITION, THE COMPONENTS WILL BE RUSTPROOFED OR REPLACED, IF NECESSARY.","VEHICLE DESCRIPTION: PASSENGER VEHICLES.SYSTEM: SUSPENSION; FRONT AND REAR SPRING SUPPORTS.CONSEQUENCES OF DEFECT: THE SUSPENSION COULD COLLAPSE WITHOUT WARNING, POSSIBLYCAUSING LOSS OF VEHICLE CONTROL AND AN ACCIDENT.","1981","HONDA","PRELUDE"
972,"CHRYSLER CORPORATION","87V178000",0,0,0,"EA88005","23/11/1987","VISIBILITY:GLASS, SIDE/REAR","THE KEY OPERATED TAILGATE WINDOW WILL CONTINUE TO CLOSE IF THE SPRING LOADED KEY DOES NOT RETURN TO OFF POSITION WHEN RELEASED.","WINDOW COULD CLOSE ON A CHILD OR OTHERS RESULTING INPERSONAL INJURY.","OWNERS SHOULD NOT LEAVE KEY IN TAILGATE OF UNATTENDED VEHICLE.  REPAIR MECHANISM TO ASSURE PROPER KEY RETURN OPERATION.","SYSTEM: TAILGATE WINDOWVEHICLE DESCRIPTION: MULTIPURPOSE VEHICLES EQUIPPED WITH A POWER TAILGATEWINDOW.","1981","JEEP","CHEROKEE"
973,"CHRYSLER CORPORATION","81V015000",0,0,0,,"04/01/1981","VEHICLE SPEED CONTROL","THE TRANSMISSION THROTTLE CONTROL ROD SPRING MAY HAVE BEEN IMPROPERLY INSTALLED. THIS MAY CAUSE THE THROTTLE TO CLOSE MORE SLOWLY THAN NORMAL. VEHICLES MAY RETURN TO IDLE SLOWLY.",,"EACH END OF THE SPRING WILL BE INSPECTED AND RELOCATED, IF NECESSARY, TO ENSURE CORRECT POSITIONING.","VEHICLE DESCRIPTION: LIGHT TRUCKS EQUIPPED WITH SIX-CYLINDER ENGINES ANDAUTOMATIC TRANSMISSIONS.SYSTEM: POWER TRAIN; TRANSMISSION THROTTLE CONTROL ROD SPRING.CONSEQUENCES OF DEFECT: VEHICLES THAT HAVE THE CONDITION CHARACTERIZED BY THESLOWER THAN NORMAL RETURN TO IDLE MAY REQUIRE GREATER STOPPING DISTANCES.INCREASED STOPPING DISTANCE CAN RESULT IN AN ACCIDENT.NOTE: IF THE CONDITION IS EXPERIENCED BEFORE THE DEFECT HAS BEEN CORRECTED, THEVEHICLE SHOULD BE CAUTIOUSLY RETURNED TO THE DEALER AS SOON AS POSSIBLE.","1981","JEEP","CHEROKEE"
974,"MACK TRUCKS, INCORPORATED","90V010000",0,0,0,,"23/01/1990","SUSPENSION:REAR:SPRINGS:LEAF SPRING ASSEMBLY","THE 7/8 INCH SPRING EYE BOLTS WITHIN THE SPRING EYE BUSHING HANGER BRACKET OF THE REAR SUSPENSION MAY FAIL.","THE SPRING COULD FALL ONTO THE ROAD SURFACE, WITHOUT WARNING TO THE DRIVER, AND A VEHICLE CRASH COULD OCCUR DUE TO THE SUDDEN DRAG OF THE SPRING.","REPLACE ALL 7/8 INCH DIAMETER SPRING EYE BOLTS WITH 1 INCH DIAMETER BOLTS.","SYSTEM: SUSPENSION; SPRING EYE BOLT.VEHICLE DESCRIPTION: HEAVY DUTY TRUCKS WITH ST34 OR ST 38 REAR SUSPENSION.","1981","MACK","MACK"
975,"MACK TRUCKS, INCORPORATED","87V010000",0,0,0,"PE87005","09/02/1987","SUSPENSION:REAR:SPRINGS:AIR SUSPENSION SYSTEM","CROSSMEMBER CAN BE OVERSTRESSED AND CAN FAIL, ALLOWING THE BROKEN CROSSMEMBER TO PROTUDE ABOVE THE TOP OF THE FRAME AND INTERFERE WITH CHASSIS COMPONENTS.","TRAILER HANDLING COULD BE AFFECTED DURING TURNINGMANEUVERS WHICH COULD RESULT IN LOSS OF TRUCK CONTROL AND A CRASH.  ALSO, ACOMPLETELY SEPARATED CROSSMEMBER COULD AFFECT HEIGHT OF SUSPENSION AIR SPRINGSAND THE RESULTING LEAN COULD RESULT IN LOSS OF CONTROL.","INSTALLATION OF A BOLTED DOUBLE PLATE TYPE CROSSMEMBER TO REPLACE THE STANDARD CHANNEL TYPE CROSSMEMBER.","SYSTEM: REAR CROSSMEMBER WITH NEWAY AIR SUSPENSION.VEHICLE DESCRIPTION: HEAVY DUTY TRUCKS:DM,F,FM,MC,MCE,MH,MR,R,RD,RS,RL,RW,RWL,RWS AND U MODELS EQUIPPED WITH NEWAY AIRRIDE DRIVE AXLE SUSPENSION.","1981","MACK","MACK"
976,"MACK TRUCKS, INCORPORATED","86V009000",0,0,0,,"22/01/1986","SUSPENSION:REAR:SPRINGS:LEAF SPRING ASSEMBLY","THE SPRING EYE BOLT WAS NOT TORQUED PROPERLY AND COULD    FAIL DUE TO THE LOOSE FIT WITHIN THE SPRING EYE BUSHING/HANGER BRACKET.                                                                                           CONSEQUENCE OF DEFECT: THE SPRING COULD FALL ONTO THE ROAD SURFACE, WITHOUT      WARNING TO THE DRIVER, AND A VEHICLE CRASH COULD OCCUR DUE TO THE SUDDEN DRAG    OF THE SPRING.",,"NOT AVAILABLE AT THIS TIME.  IN THE INTERIM THE TORQUE OF     THE SPRING EYE BOLT WILL BE CHECKED.","SYSTEM: SPRING EYE BOLT.                                                                                                                                        VEHICLE DESCRIPTION: HEAVY DUTY TRUCKS WITH ST34 OR ST38 SERIES REAR AXLE.","1981","MACK","MACK"
977,"FEDERAL-MOGUL CORPORATION","07E064000",0,0,0,,"27/08/2007","FUEL SYSTEM, GASOLINE:DELIVERY:FUEL PUMP","CERTAIN FEDERAL-MOGUL AFTERMARKET FUEL PUMPS SOLD UNDER THE BRAND NAMES OF CARTER, ACCUFLOW, NAPA, TRUFLOW, PARTS DEPO, AND PARTS MASTER, SHIPPED BETWEEN AUGUST 2006 AND JULY 2007 FOR USE ON THE VEHICLES LISTED ABOVE.  THE FUEL PUMP DIAPHRAGM IN CERTAIN PRODUCTION RUNS MAY HAVE BEEN IMPROPERLY INSTALLED OR INADEQUATELY TESTED WHICH MAY CAUSE THE FUEL PUMP TO LEAK.","A LEAKING FUEL PUMP COULD CREATE A VEHICLE FIRE HAZARD.","FEDERAL-MOGUL WILL NOTIFY OWNERS AND REPLACE THE DEFECTIVE FUEL PUMPS FREE OF CHARGE.  THE RECALL BEGAN ON OCTOBER 15, 2007.  OWNERS CAN CONTACT FEDERAL-MOGUL AT 248-354-7700.","THIS RECALL ONLY PERTAINS TO AFTERMARKET CARTER, NAPA, ACCUFLOW, TRU FLOW, PARTS MASTER, AND PARTS DEPOT BRAND FUEL PUMPS AND HAS NO RELATION TO ANY ORIGINAL EQUIPMENT INSTALLED ON THE LISTED MOTOR VEHICLES.  CUSTOMERS MAY CONTACT THE NATIONAL HIGHWAY TRAFFIC SAFETY ADMINISTRATION'S VEHICLE SAFETY HOTLINE AT 1-888-327-4236 (TTY: 1-800-424-9153); OR GO TO HTTP://WWW.SAFERCAR.GOV.","1981","MERCURY","CAPRI"
978,"FORD MOTOR COMPANY","81V102000",0,0,0,,"08/09/1981","SEATS:FRONT ASSEMBLY:RECLINER","THE HOUSING PLATES ON THE DRIVER SEAT BACK LATCH RECLINER ASSEMBLIES WERE MANUFACTURED WITH SUBSTANDARD MATERIAL PRODUCTS. THIS TAINTED STEEL WAS USED TO PRODUCE SEATBACK LATCHES FOR BOTH THE RIGHT AND LEFT SIDE SEAT ASSEMBLIES. UNDER CERTAIN CONDITIONS, THE DEFECTIVE HOUSING PLATES MAY DISTORT, ALLOWING THE LOCKING TEETH TO DISENGAGE AND TEAR OFF. THIS PERMITS THE SEATBACK TO PIVOT BACKWARDS.",,"UPON INSPECTION, BOTH DRIVER AND PASSENGER SEAT LATCH/RECLINER ASSEMBLIES, ON VEHICLES EXHIBITING THE SUSPECT DATE CODES, WILL BE REPLACED.","VEHICLE DESCRIPTION: PASSENGER VEHICLES.SYSTEM: INTERIOR; SEAT BACK LATCH/RECLINER ASSEMBLY HOUSING PLATE.CONSEQUENCES OF DEFECT: A BACKWARD PIVOTING OF THE DRIVER""S SEATBACK WITHOUTPRIOR WARNING MAY CAUSE A LOSS OF VEHICLE CONTROL AND, POSSIBLY, AN ACCIDENT.","1981","MERCURY","CAPRI"
979,"FEDERAL-MOGUL CORPORATION","07E064000",0,0,0,,"27/08/2007","FUEL SYSTEM, GASOLINE:DELIVERY:FUEL PUMP","CERTAIN FEDERAL-MOGUL AFTERMARKET FUEL PUMPS SOLD UNDER THE BRAND NAMES OF CARTER, ACCUFLOW, NAPA, TRUFLOW, PARTS DEPO, AND PARTS MASTER, SHIPPED BETWEEN AUGUST 2006 AND JULY 2007 FOR USE ON THE VEHICLES LISTED ABOVE.  THE FUEL PUMP DIAPHRAGM IN CERTAIN PRODUCTION RUNS MAY HAVE BEEN IMPROPERLY INSTALLED OR INADEQUATELY TESTED WHICH MAY CAUSE THE FUEL PUMP TO LEAK.","A LEAKING FUEL PUMP COULD CREATE A VEHICLE FIRE HAZARD.","FEDERAL-MOGUL WILL NOTIFY OWNERS AND REPLACE THE DEFECTIVE FUEL PUMPS FREE OF CHARGE.  THE RECALL BEGAN ON OCTOBER 15, 2007.  OWNERS CAN CONTACT FEDERAL-MOGUL AT 248-354-7700.","THIS RECALL ONLY PERTAINS TO AFTERMARKET CARTER, NAPA, ACCUFLOW, TRU FLOW, PARTS MASTER, AND PARTS DEPOT BRAND FUEL PUMPS AND HAS NO RELATION TO ANY ORIGINAL EQUIPMENT INSTALLED ON THE LISTED MOTOR VEHICLES.  CUSTOMERS MAY CONTACT THE NATIONAL HIGHWAY TRAFFIC SAFETY ADMINISTRATION'S VEHICLE SAFETY HOTLINE AT 1-888-327-4236 (TTY: 1-800-424-9153); OR GO TO HTTP://WWW.SAFERCAR.GOV.","1981","MERCURY","GRAND MARQUIS"
980,"NISSAN NORTH AMERICA, INC.","87V098000",0,0,0,"EA85029","06/07/1987","POWER TRAIN:AUTOMATIC TRANSMISSION:LEVER AND LINKAGE:FLOOR SHIFT","UNINTENDED ACCELERATION MAY OCCUR, FOR EXAMPLE, WHEN SHIFTING FROM THE PARK POSITION.","THIS COULD RESULT IN A VEHICLE ACCIDENT.","INSTALL A SHIFT INTERLOCK SYSTEM WHICH PREVENTS THE TRANSMISSION SHIFT LEVER FROM BEING MOVED FROM THE PARK POSITION UNLESS THE BRAKE PEDAL IS DEPRESSED.","SYSTEM: ACCELERATOR/TRANSMISSION.VEHICLE DESCRIPTION: PASSENGER CARS EQUIPPED WITH AUTOMATIC TRANSMISSION.","1981","NISSAN","280Z"
981,"GENERAL MOTORS CORP.","81V036000",0,0,0,,"23/03/1981","WHEELS:HUBCAP/COVER","""TX"" HEAVY DUTY WHEELS MAY HAVE BEEN MANUFACTURED WITH LAMINATED STEEL. THE WHEEL DISC MAY FRACTURE AND THE WHEEL AND TIRE COULD PARTIALLY OR COMPLETELY SEPARATE FROM THE VEHICLE.",,"THE DEFECTIVE WHEELS WILL BE REPLACED WITHOUT CHARGE.","VEHICLE DESCRIPTION: PASSENGER VEHICLES AND LIGHT TRUCKS EQUIPPED WITH ""TX""HEAVY DUTY WHEELS.SYSTEM: SUSPENSION; WHEELS.CONSEQUENCES OF DEFECT: IF SEPARATION OF WHEEL AND TIRE FROM VEHICLE OCCURSWHILE VEHICLE IS IN MOTION, DRIVER COULD EXPERIENCE LOSS OF VEHICLE CONTROL ANDHAVE AN ACCIDENT.","1981","OLDSMOBILE","CUTLASS"
982,"GENERAL MOTORS CORP.","81V025000",0,0,0,,"25/02/1981","SUSPENSION:REAR","THE BOLTS THAT ATTACH THE LOWER REAR CONTROL ARM TO THE FRAME MAY FRACTURE. THE REAR CONTROL ARM SUPPORTS AND POSITIONS THE REAR AXLE. FRACTURE OF THE BOLTS WOULD ALLOW THE CONTROL ARM TO DROP FREE.",,"BOTH REAR CONTROL ARM ATTACHMENT BOLTS WILL BE REPLACED WITHOUT CHARGE.","SYSTEM: SUSPENSION; REAR CONTROL ARM ATTACHING BOLTS.VEHICLE DESCRIPTION: PASSENGER VEHICLES AND LIGHT TRUCKS.CONSEQUENCES OF DEFECT: IF THE FRACTURE OCCURS WHEN THE VEHICLE IS IN MOTION,IT COULD RESULT IN LOSS OF VEHICLE CONTROL AND AN ACCIDENT.","1981","OLDSMOBILE","CUTLASS"
983,"GENERAL MOTORS CORP.","80V129000",0,0,0,,"08/10/1980","STEERING:HYDRAULIC POWER ASSIST:HOSE, PIPING, AND CONNECTIONS","THE INVOLVED VEHICLES MAY HAVE BEEN ASSEMBLED WITH THE POWER STEERING HOSE INCORRECTLY ROUTED. THE POWER STEERING HOSE MAY THEN CONTACT THE EXHAUST MANIFOLD, RESULTING IN DETERIORATION AND EVENTUAL FAILURE OF THE HOSE AND LEAKAGE OF POWER STEERING FLUID ONTO THE EXHAUST MANIFOLD.",,"THE DEALER WILL INSPECT AND, IF NECESSARY, REPLACE THE HOSES AND INLET PIPE AND ADD A CLIP AT NO CHARGE TO OWNER.","VEHICLE DESCRIPTION: PASSENGER VEHICLES EQUIPPED WITH POWER STEERING.SYSTEM: STEERING; POWER STEERING HOSE.CONSEQUENCES OF DEFECT: UNDER CERTAIN CONDITIONS, SMOKE AND/OR AN UNDERHOODFIRE COULD RESULT AND CAUSE VEHICLE DAMAGE AND PERSONAL INJURY.","1981","OLDSMOBILE","OMEGA"
984,"GENERAL MOTORS CORP.","81V038000",0,0,0,,"24/03/1981","ELECTRICAL SYSTEM:12V/24V/48V BATTERY:CABLES","THE ENGINE-TO-BODY GROUND CABLE ON CERTAIN VEHICLES MAY HAVE BEEN DAMAGED DURING MANUFACTURE. THE CABLE COULD EVENTUALLY BREAK DUE TO THE RELATIVE MOTION BETWEEN THE ENGINE AND BODY DURING VEHICLE OPERATION.",,"A NEW GROUND CABLE WILL BE INSTALLED FREE OF CHARGE.","VEHICLE DESCRIPTION: PASSENGER VEHICLES.SYSTEM: ELECTRICAL; GROUND CABLE.CONSEQUENCES OF DEFECT: IF THE CABLE BREAKS WHEN MAXIMUM ELECTRICAL LOADS AREBEING PLACED ON VEHICLE, HEADLIGHTS COULD SUDDENLY DIM OR WIPERS COULD SLOWDOWN. THIS WOULD REDUCE VISIBILITY IN SEVERE WEATHER OR NIGHTTIME DRIVINGCONDITIONS. AN ACCIDENT COULD RESULT.NOTE: IF DIMMING OCCURS, RESTRICTING THE USE OF OTHER ELECTRICAL ACCESSORIESCOULD PARTIALLY RESTORE SOME OF THE HEADLIGHT BRIGHTNESS OR WIPER SPEED.","1981","OLDSMOBILE","OMEGA"
985,"GENERAL MOTORS CORP.","81V073000",0,0,0,,"16/06/1981","SUSPENSION:FRONT:CONTROL ARM:UPPER ARM","THE FRONT LEFT UPPER CONTROL ARM NUTS MAY NOT HAVE BEEN SECURELY TIGHTENED. THE NUTS MAY LOOSEN AND COME OFF AND WITH CONTINUED DRIVING THE CONTROL ARM FRONT BOLT MAY WORK ITS WAY OUT OF POSITION OR BECOME DISPLACED.",,,"VEHICLE DESCRIPTION: PASSENGER VEHICLES.SYSTEM: STEERING; FRONT LEFT UPPER CONTROL ARM NUTS.CONSEQUENCES OF DEFECT: THIS MAY CAUSE SIGNIFICANT CHANGES IN STEERING CONTROLDURING ACCELERATION AND CORNERING. THOUGH STEERING WILL NOT BE TOTALLY LOST,DEGRADED VEHICLE CONTROL COULD RESULT IN AN ACCIDENT.THE FRONT LEFT SIDE UPPER CONTROL ARM NUTS ON ALL INVOLVED VEHICLES WILL BERETIGHTENED TO SPECIFICATIONS AT NO CHARGE TO OWNER.","1981","OLDSMOBILE","TORONADO"
986,"CHRYSLER CORPORATION","89V052000",0,0,0,"PE89093","29/03/1989","SUSPENSION:FRONT:CONTROL ARM:LOWER ARM","FRONT SUSPENSION CROSSMEMBER MAY CORRODE AND FAIL AT LOWER CONTROL ARM REAR PIVOT MOUNTS IF OPERATED WHERE SALT IS USED TO AID IN SNOW REMOVAL.","CONTROL ARM COULD DETACH FROM THE CROSSMEMBER, ADVERSELYAFFECTING DIRECTIONAL STABILITY, WHICH COULD RESULT IN AN ACCIDENT.","INSTALL ATTACHMENT REINFORCEMENT BRACKETS TO PREVENT CONTROL ARM DETACHMENT AS A RESULT OF CORROSION WEAKENING.","SYSTEM: FRONT SUSPENSION CROSSMEMBER.VEHICLE DESCRIPTION: PASSENGER CARS.","1981","PLYMOUTH","RELIANT"
987,"CHRYSLER CORPORATION","81V021000",0,0,0,,"11/02/1981","SERVICE BRAKES, HYDRAULIC:FLUID","BRAKE FLUID MAY CONTAIN AN EXCESSIVE AMOUNT OF WATER. THIS CAN CAUSE DEGRADATION OF BRAKING PERFORMANCE OR BRAKE FAILURE UNDER A VARIETY OF CIRCUMSTANCES.",,"EXISTING BRAKE FLUID WILL BE REMOVED FROM BRAKE SYSTEM AND BRAKE SYSTEM WILL BE REFILLED WITH FRESH BRAKE FLUID.","VEHICLE DESCRIPTION: PASSENGER VEHICLES.SYSTEM: SERVICE BRAKES; BRAKE FLUID.CONSEQUENCES OF DEFECT: POOR BRAKE PERFORMANCE MAY INCREASE STOPPING DISTANCES.BRAKE FAILURE COULD OCCUR WITHOUT PRIOR WARNING. EITHER CONDITION MAY RESULT INAN ACCIDENT.","1981","PLYMOUTH","RELIANT"
988,"CHRYSLER CORPORATION","81V093000",0,0,0,,"05/08/1981","EXTERIOR LIGHTING:BRAKE LIGHTS:SWITCH","THE STOP LAMP SWITCHES INSTALLED ON THE SUBJECT VEHICLES MAY HAVE INADEQUATE INTERNAL SWITCH CONTACT PRESSURE DUE TO AN INCORRECT FORMATION OF THE SWITCH CONTACT TERMINALS. THIS LACK OF SWITCH CONTACT CONTINUITY MAY RENDER THE (STOP) BRAKE WARNING LIGHTS INOPERATIVE.",,"THE STOP LAMP SWITCHES ON ALL INVOLVED VEHICLES WILL BE REPLACED AND PROPERLY FORMED TERMINALS WILL BE INSTALLED AT NO COST TO OWNER.","VEHICLE DESCRIPTION: PASSENGER VEHICLES.SYSTEM: LIGHTING AND COMMUNICATIONS; STOP LAMP SWITCH.CONSEQUENCES OF DEFECT: OTHER DRIVERS WOULD NOT BE ALERTED TO VEHICLE BRAKINGAND A REAR END COLLISION COULD RESULT.","1981","PLYMOUTH","RELIANT"
989,"CHRYSLER CORPORATION","81V111000",0,0,0,,"22/09/1981","VEHICLE SPEED CONTROL","THE AUTOMATIC SPEED CONTROL SWITCH MAY STICK IN THE ""RESUME"" POSITION RESTRICTING RETURN MOVEMENT. THIS WILL NOT ALLOW THE NORMAL BRAKE PEDAL OPERATION TO DEACTIVATE THE SYSTEM.",,"THE SHIELD PORTION OF THE ""RESUME"" SLIDE LEVER IN THE SPEED CONTROL UNIT WILL BE REPLACED WITHOUT CHARGE.","VEHICLE DESCRIPTION: PASSENGER VEHICLES EQUIPPED WITH AUTOMATIC SPEED CONTROLSYSTEMS.SYSTEM: ELECTRIC POWER ACCESSORIES; AUTOMATIC SPEED CONTROL SWITCH.CONSEQUENCES OF DEFECT: FAILURE OF THE SPEED CONTROL TO DEACTIVATE COULD CAUSELOSS OF VEHICLE CONTROL AND AN ACCIDENT.NOTE: MANUFACTURER ADVISES DISCONNECTION OF THE SPEED CONTROL DEVICE TO PREVENTITS USE PRIOR TO HAVING IT REPAIRED.","1981","PLYMOUTH","RELIANT"
990,"PORSCHE CARS N.A. INC.","81V040000",0,0,0,,"25/03/1981","SUSPENSION:FRONT:SHOCK ABSORBER","FRONT SHOCK ABSORBERS ON SOME VEHICLES MAY HAVE IMPROPERLY WELDED MOUNTING EYES. THE SHOCK ABSORBER MOUNTING COULD SEPARATE AND CAUSE THE SUSPENSION TO COLLAPSE IF VEHICLE IS DRIVEN ON ROUGH ROADS FOR A LONG PERIOD OF TIME.",,"THE FRONT SHOCK ABSORBERS ON ALL INVOLVED VEHICLES WILL BE CHECKED AND, IF NECESSARY, REPLACED WITHOUT CHARGE.","VEHICLE DESCRIPTION: PASSENGER VEHICLES.SYSTEM: SUSPENSION; FRONT SHOCK ABSORBERS.CONSEQUENCES OF DEFECT: SUSPENSION COLLAPSE COULD CAUSE SUDDEN STEERINGFAILURE. FAILURE OF ONE SHOCK ABSORBER IS NOT ENOUGH TO CAUSE COMPLETESUSPENSION COLLAPSE BUT CAN HAVE DETRIMENTAL EFFECTS ON STEERING AND HANDLING.IN EITHER CASE, DRIVER MAY LOSE CONTROL OF VEHICLE AND AN ACCIDENT MAY RESULT.","1981","PORSCHE","928"
991,"BENTLEY MOTORS LTD","08V585000",0,0,0,,"07/11/2008","FUEL SYSTEM, GASOLINE:DELIVERY:HOSES, LINES/PIPING, AND FITTINGS","BENTLEY IS RECALLING 14 MY 1980-1982 BENTLEY T2, MY 1980-1987 CONTINENTAL, AND MULSANNE, MY 1980-1982 ROLLS-ROYCE SILVER SHADOW II, MY 1980 SILVER WRAITH II, MY 1980-1987 CORNICHE, SILVER SPIRIT AND MY 1981-1987 SILVER SPUR PASSENGER VEHICLES.  A FUEL HOSE ASSEMBLY, AVAILABLE AS A REPLACEMENT PART,  HAS BEEN FOUND TO HAVE A DEFECT IN THE MATERIAL SPECIFICATION OF THE RUBBER HOSE.  THE HOSE MAY DEGRADE UNDER CERTAIN OPERATING CONDITIONS RESULTING IN A FUEL LEAK.","FUEL LEAKAGE, IN THE PRESENCE OF AN IGNITION SOURCE, COULD RESULT IN A FIRE.","DEALERS WILL REPLACE THE FUEL HOSE ASSEMBLY FREE OF CHARGE.  THE RECALL BEGAN ON NOVEMBER 24, 2008.  OWNERS MAY CONTACT BENTLEY AT 1-617-488-8500.","BENTLEY RECALL NO.  RE08/11.  CUSTOMERS MAY ALSO CONTACT THE NATIONAL HIGHWAY TRAFFIC SAFETY ADMINISTRATION'S VEHICLE SAFETY HOTLINE AT 1-888-327-4236 (TTY 1-800-424-9153), OR GO TO HTTP://WWW.SAFERCAR.GOV.","1981","ROLLS-ROYCE","SILVER SPUR"
992,"SAAB CARS USA, INC.","81V147000",0,0,0,,"08/12/1981","SEAT BELTS:FRONT","THERE MAY BE AN INSUFFICIENT PERMANENT LUBRICATION IN THE BUCKLE/RELEASE MECHANISM OF THE TYPE 2 SEAT BELT ASSEMBLIES. THIS MAY CAUSE FRONT SEAT OCCUPANTS TO HAVE DIFFICULTY IN FULLY FASTENING SEAT BELTS, ALTHOUGH THEY MAY SEEM TO BE FULLY FASTENED.",,"A SPECIAL WAX LUBRICANT WILL BE SPRAYED INTO THE BUCKLE RECEPTACLE SLOT TO REMEDY DEFECT AND PREVENT REOCCURANCE. THIS WILL BE DONE WITHOUT CHARGE TO OWNER.","VEHICLE DESCRIPTION: PASSENGER VEHICLES.SYSTEM: INTERIOR; SEAT BELT BUCKLE MECHANISM.CONSEQUENCES OF DEFECT: THIS FALSE FEELING THAT THE SEAT BELT IS LATCHED CANINCREASE THE CHANCES OF INJURY DURING AN ACCIDENT BECAUSE THE TONGUE CAN POPOUT OF THE LATCH WITHOUT PRIOR WARNING.NOTE: UNTIL CORRECTIVE ACTION IS TAKEN, PULL UPWARD ON THE SEAT BELT AFTERFASTENING IT TO CHECK THAT IT IS SECURELY LATCHED.","1981","SAAB","900"
993,"SAAB CARS USA, INC.","84V019000",0,0,0,,"29/02/1984","FUEL SYSTEM, GASOLINE:DELIVERY:FUEL PUMP","POOR ELECTRICAL CONNECTION AT THE FUEL GAUGE TRANSMITTER MAY RESULT IN A STOPPAGE OF THE FUEL PUMP AND ENGINE STALLING. IN EXTREME CASES, FUEL VAPOR MAY LEAK FROM THE FUEL TANK.",,"THE FUEL GAUGE TRANSMITTER WILL BE INSPECTED AND REPLACED, IF DAMAGED.","VEHICLE DESCRIPTION: PASSENGER VEHICLES WITH FUEL INJECTION.SYSTEM: FUEL; FUEL PUMP.CONSEQUENCES OF DEFECT: ENGINE STALLING OR LEAKING FUEL VAPORS COULD CAUSE ASAFETY HAZARD ON THE ROAD, POSSIBLY RESULTING IN AN ACCIDENT OR PERSONALINJURY.","1981","SAAB","900"
994,"SUBARU OF AMERICA, INC.","90V086000",0,0,0,"PE90055","07/05/1990","SUSPENSION:REAR","CONTINUOUS EXPOSURE TO ROAD SALT COULD CAUSE CORROSION OF REAR SUSPENSION COMPONENTS, ESPECIALLY THE INNER ARMS.","THE CORROSION COULD AFFECT THE OPERATION AND CONTROL OF THE VEHICLE.","RUST PROOF OR REPLACE REAR SUSPENSION, AS NECESSARY.","SYSTEM: REAR SUSPENSION.  VEHICLE DESCRIPTION: FRONT WHEEL DRIVE PASSENGER CARS.","1981","SUBARU","GL"
995,"FOREIGN PARTS DISTRIBUTORS, INC.","06E018000",0,0,0,,"01/03/2006","SERVICE BRAKES, HYDRAULIC","CERTAIN HYDRAULIC BRAKE HOSES, P/N 171.611.107B, SOLD AS REPLACEMENT EQUIPMENT FOR 1975-1985 VOLKSWAGEN (VW) RABBIT; 1985-1992 VW GOLF; AND 1980-1992 VW JETTA PASSENGER VEHICLES.  POSSIBLE BRAKE HOSE RUPTURE COULD OCCUR WHICH FAILS TO COMPLY WITH THE REQUIREMENTS OF FEDERAL MOTOR VEHICLE SAFETY STANDARD NO. 106, ""BRAKE HOSES.""","BRAKE HOSE RUPTURE COULD RESULT IN LOSS OF BRAKING ABILITY, POSSIBLY RESULTING IN A VEHICLE CRASH.","FOREIGN PARTS DISTRIBUTORS WILL NOTIFY OWNERS AND REPLACE THE BRAKE HOSES WITH COMPLIANT BRAKE HOSES.  THE RECALL BEGAN ON MARCH 30, 2006.  OWNERS MAY CONTACT FOREIGN PARTS DISTRIBUTORS AT 305-885-8646 EXT. 11.","CUSTOMERS MAY CONTACT THE NATIONAL HIGHWAY TRAFFIC SAFETY ADMINISTRATION'S VEHICLE SAFETY HOTLINE AT 1-888-327-4236 (TTY: 1-800-424-9153); OR GO TO HTTP://WWW.SAFERCAR.GOV.","1981","VOLKSWAGEN","RABBIT"
996,"VOLKSWAGEN OF AMERICA,INC","82V016000",0,0,0,,"23/02/1982","STEERING:LINKAGES:TIE ROD ASSEMBLY","A LOCK NUT WHICH SECURES THE TIE ROD TO THE INNER BALL JOINT OF THE STEERING SYSTEM MAY NOT HAVE BEEN SECURELY FASTENED ON SOME OF THE INVOLVED VEHICLES DURING ASSEMBLY. IF THIS CONDITION EXISTS AND THE VEHICLE IS DRIVEN ALONG POOR ROADS FOR AN EXTENDED PERIOD OF TIME, THE TIE ROD COULD SEPARATE FROM THE STEERING ASSEMBLY.",,"DEALER WILL CHECK THE LOCK NUT FOR ADEQUATE TIGHTNESS, CORRECTING WHERE NECESSARY.","VEHICLE DESCRIPTION: PASSENGER VEHICLES AND PICK-UP TRUCKS.SYSTEM: STEERING; TIE ROD, INNER BALL JOINT, LOCK NUT.CONSEQUENCES OF DEFECT: THIS CONDITION COULD CAUSE LOSS OF VEHICLE CONTROL ANDAN ACCIDENT.","1981","VOLKSWAGEN","RABBIT"
997,"VOLKSWAGEN OF AMERICA,INC","81V058000",0,0,0,,"15/05/1981","FUEL SYSTEM, GASOLINE:STORAGE:TANK ASSEMBLY:FILLER PIPE AND CAP","ON SOME VEHICLES, THE PRESSURE COULD INCREASE INSIDE THE FUEL TANK FROM HIGH SURROUNDING TEMPERATURES WHEN THE FUEL TANK IS MORE THAN HALF FULL.",,"DEALER WILL INSTALL A RESTRICTOR VALVE INTO THE FUEL FILLER PIPE, WITHOUT CHARGE TO OWNER.","VEHICLE DESCRIPTION: LIGHT TRUCKS AND PASSENGER VEHICLES EQUIPPED WITHCONTINUOUS FUEL INJECTION SYSTEMS.SYSTEM: FUEL; FUEL TANK.CONSEQUENCES OF DEFECT: UNDER THESE CONDITIONS, IF FUEL FILLER CAP IS OPENEDRAPIDLY, FUEL COULD SPURT OUT ONTO NEARBY PERSONS, POSSIBLY CAUSING SKINIRRITATION OR FIRE IN THE PRESENCE OF A SOURCE OF IGNITION.NOTE: FUEL FILLER CAP SHOULD BE OPENED SLOWLY TO REDUCE CHANCES OF FUELSPILLAGE UNTIL THE DEALER HAS MADE THE NECESSARY MODIFICATIONS.","1981","VOLKSWAGEN","RABBIT"
998,"VOLKSWAGEN OF AMERICA,INC","81V106000",0,0,0,,"09/09/1981","STEERING:LINKAGES:TIE ROD ASSEMBLY","THE LEFT AND RIGHT OUTER TIE ROD ENDS OF THE STEERING SYSTEM MAY HAVE CIRCUMFERENTIAL CRACKS DUE TO AN IMPROPER MACHINE SET-UP IN THE MANUFACTURING PROCESS.",,"THE TIE ROD ENDS WILL BE INSPECTED AND, IF NECESSARY, REPLACED AT NO CHARGE TO OWNER.","VEHICLE DESCRIPTION: PASSENGER VEHICLES AND PICK-UP TRUCKS.SYSTEM: STEERING; TIE ROD ENDS.CONSEQUENCES OF DEFECT: IF A VEHICLE HAVING A CRACKED TIE ROD IS DRIVEN OVERROUGH ROADS FOR AN EXTENDED PERIOD OF TIME, THE TIE ROD COULD LOOSEN ANDEVENTUALLY THE OUTER SHELL WOULD SEPARATE FROM ITS BALL SOCKET. THIS COULDRESULT IN LOSS OF STEERING CONTROL AND, POSSIBLY, AN ACCIDENT.","1981","VOLKSWAGEN","RABBIT"
999,"VOLKSWAGEN OF AMERICA,INC","84V084000",0,0,0,,"10/07/1984","LATCHES/LOCKS/LINKAGES:DOORS:LATCH","SPRING, WHICH HOLDS THE LATCH ON THE FRONT DOOR LOCKS, MAY BREAK AND DOOR MAY OPEN UNEXPECTEDLY.",,"SPRINGS WILL BE REPLACED ON ALL AFFECTED LOCKS WITHOUT CHARGE.","VEHICLE DESCRIPTION: CAMPER AND MULTI-PURPOSE PASSENGER VEHICLES.SYSTEM: DOOR LATCH.CONSEQUENCES OF DEFECT: DOOR COULD OPEN UNEXPECTEDLY WHILE THE VEHICLE IS INMOTION; OCCUPANTS COULD BE EJECTED FROM VEHICLE AND SUFFER SERIOUS INJURY.","1981","VOLKSWAGEN","VANAGON"
1000,"COUNTRY HOMES CAMPER CO.","81V076000",0,0,0,,"23/06/1981","EQUIPMENT:MECHANICAL:SLIDE-IN CAMPER","DURING VEHICLE OPERATION, THE POP TOP COULD LOOSEN FROM ITS ANCHOR DUE TO WIND PRESSURE. IT COULD OPEN AND SEPARATE ENTIRELY FROM THE VEHICLE.",,"DEALER WILL INSPECT AND, IF NECESSARY, MODIFY ANCHORAGES TO MAKE SURE POP TOP WILL BE SECURED UNDER NORMAL OPERATING CONDITIONS.","VEHICLE DESCRIPTION: CAMPERS (VAN CONVERSION).SYSTEM: EQUIPMENT; POP TOP.CONSEQUENCES OF DEFECT: SUDDEN OPENING OF THE POP TOP COULD BE A HAZARD TO SAFEVEHICLE OPERATION. COMPLETE SEPARATION COULD CAUSE AN ACCIDENT AND PERSONALINJURY TO OTHER DRIVERS.NOTE: UNTIL THE PROBLEM IS CORRECTED, OWNER IS ADVISED TO AVOID EXCESSIVE WINDPRESSURE AGAINST THE POP TOP BY DRIVING AT MODERATE SPEEDS.","1981","VOLKSWAGEN","VANAGON"
1001,"VOLVO OF AMERICA CORP.","81V131000",0,0,0,,"23/10/1981","ELECTRICAL SYSTEM:IGNITION","DUE TO INSUFFICIENT GROUNDING OF THE INTERNAL IGNITION DISTRIBUTOR PARTS, THE IGNITION COULD MISFIRE. THIS COULD ADVERSELY AFFECT VEHICLE DRIVEABILITY AND LONGEVITY OF THE DISTRIBUTOR COMPONENTS.",,"ALL AFFECTED VEHICLES WILL BE FITTED WITH MODIFIED IGNITION COMPONENTS. THIS INCLUDES A NEW DISTRIBUTOR HAVING IMPROVED GROUNDING. ALL VEHICLES WILL BE FITTED WITH A CAPACITOR TO REDUCE THE HIGH VOLTAGE PEAKS. THIS WILL BE DONE AT NO CHARGE TO OWNER.","VEHICLE DESCRIPTION: PASSENGER VEHICLES EQUIPPED WITH A SPECIFIC ELECTRONICIGNITION SYSTEM AND B21F MPG ENGINES.SYSTEM: ELECTRICAL; IGNITION SYSTEM.CONSEQUENCES OF DEFECT: THIS CONDITION CAN RESULT IN IGNITION MISFIRING OR, INSOME CASES, INTERMITTENT STALLING. A STALLED VEHICLE MAY PRESENT A TRAFFICHAZARD AND COULD CAUSE AN ACCIDENT.","1981","VOLVO","DL"
1002,"WINNEBAGO IND., INC.","81V128000",0,0,0,,"21/10/1981","EQUIPMENT:RECREATIONAL VEHICLE/TRAILER","THE SIDE OVERHEAD BUNK MOUNTING BRACKETS MAY HAVE BEEN IMPROPERLY INSTALLED.",,"THE DEALER WILL REPLACE THE BUNK SUPPORTS AND RELATED PARTS WITHOUT CHARGE TO OWNER.","VEHICLE DESCRIPTION: MOTORHOMES EQUIPPED WITH SIDE OVERHEAD BUNK.SYSTEM: EQUIPMENT; OVERHEAD BUNK MOUNTING BRACKETS.CONSEQUENCES OF DEFECT: THE BUNK COULD BREAK LOOSE FROM ITS SUPPORTS, POSSIBLYRESULTING IN PERSONAL INJURY TO VEHICLE OCCUPANTS.NOTE: OWNER IS ADVISED NOT TO USE THIS SIDE OVERHEAD BUNK UNTIL THE VEHICLE ISCHECKED AND CORRECTIONS ARE MADE.","1981","WINNEBAGO","WARRIOR"