VehicleId,ModelYear,Make,Model,VehicleDescription,VehiclePicture,OverallRating,OverallFrontCrashRating,FrontCrashDriversideRating,FrontCrashPassengersideRating,OverallSideCrashRating,SideCrashDriversideRating,SideCrashPassengersideRating,CombinedSideBarrierAndPoleRatingFront,CombinedSideBarrierAndPoleRatingRear,SideBarrierRatingOverall,RolloverRating,RolloverRating2,RolloverPossibility,RolloverPossibility2,DynamicTipResult,SidePoleCrashRating,NHTSAElectronicStabilityControl,NHTSAForwardCollisionWarning,NHTSALaneDepartureWarning,ComplaintsCount,RecallsCount,InvestigationCount,ImagePath
1836,2006,ACURA,MDX,2006 Acura MDX 4-DR. w/SAB,https://static.nhtsa.gov/images/vehicles/3326_st0640_046.png,Not Rated,Not Rated,5,5,Not Rated,5,5,Not Rated,Not Rated,Not Rated,4,Not Rated,0.151,0,No Tip,Not Rated,Standard,No,No,87,11,5,2006/ACURA/MDX/2006 Acura MDX 4-DR. w_SAB.png
1837,2006,ACURA,RL,2006 Acura RL 4-DR. w/SAB,https://static.nhtsa.gov/images/vehicles/3342_st0640_046.png,Not Rated,Not Rated,5,5,Not Rated,5,5,Not Rated,Not Rated,Not Rated,5,Not Rated,0.097,0,No Tip,Not Rated,Standard,No,No,32,8,0,2006/ACURA/RL/2006 Acura RL 4-DR. w_SAB.png
1838,2006,ACURA,RSX,2006 Acura RSX 2-DR. w/SAB,https://static.nhtsa.gov/images/vehicles/3446_st0640_046.png,Not Rated,Not Rated,5,5,Not Rated,4,Not Rated,Not Rated,Not Rated,Not Rated,Not Rated,4,0,0.113, ,Not Rated,No,No,No,23,2,0,2006/ACURA/RSX/2006 Acura RSX 2-DR. w_SAB.png
1839,2006,ACURA,TL,2006 Acura TL 4-DR. w/SAB,https://static.nhtsa.gov/images/vehicles/3334_st0640_046.png,Not Rated,Not Rated,5,5,Not Rated,4,5,Not Rated,Not Rated,Not Rated,Not Rated,4,0,0.103, ,Not Rated,Standard,No,No,244,6,0,2006/ACURA/TL/2006 Acura TL 4-DR. w_SAB.png
1679,2006,ACURA,TSX,2006 Acura TSX  4-DR. w/SAB,https://static.nhtsa.gov/images/vehicles/3425_st0640_046.png,Not Rated,Not Rated,5,5,Not Rated,5,4,Not Rated,Not Rated,Not Rated,Not Rated,4,0,0.118, ,Not Rated,Standard,No,No,50,4,0,2006/ACURA/TSX/2006 Acura TSX  4-DR. w_SAB.png
1875,2006,AUDI,A3,2006 Audi A3 4-DR. w/SAB,https://static.nhtsa.gov/images/vehicles/2980_st0640_046.png,Not Rated,Not Rated,Not Rated,Not Rated,Not Rated,Not Rated,Not Rated,Not Rated,Not Rated,Not Rated,Not Rated,Not Rated,0,0, ,Not Rated,Standard,No,No,123,4,0,2006/AUDI/A3/2006 Audi A3 4-DR. w_SAB.png
1680,2006,AUDI,A4,2006 Audi A4 4-DR. w/SAB,https://static.nhtsa.gov/images/vehicles/2922_st0640_046.png,Not Rated,Not Rated,4,4,Not Rated,5,4,Not Rated,Not Rated,Not Rated,4,Not Rated,0.107,0,No Tip,Not Rated,Standard,No,No,298,4,0,2006/AUDI/A4/2006 Audi A4 4-DR. w_SAB.png
1876,2006,AUDI,A6,2006 Audi A6  4-DR w/SAB,https://static.nhtsa.gov/images/vehicles/3219_st0640_046.png,Not Rated,Not Rated,Not Rated,Not Rated,Not Rated,Not Rated,Not Rated,Not Rated,Not Rated,Not Rated,Not Rated,Not Rated,0,0, ,Not Rated,Standard,No,No,67,4,0,2006/AUDI/A6/2006 Audi A6  4-DR w_SAB.png
1877,2006,AUDI,A8,2006 Audi A8 4-DR. w/SAB,https://static.nhtsa.gov/images/vehicles/3532_st0640_046.png,Not Rated,Not Rated,Not Rated,Not Rated,Not Rated,Not Rated,Not Rated,Not Rated,Not Rated,Not Rated,Not Rated,Not Rated,0,0, ,Not Rated,Standard,No,No,6,2,0,2006/AUDI/A8/2006 Audi A8 4-DR. w_SAB.png
1681,2006,AUDI,S4,2006 Audi S4 4-DR. w/SAB,https://static.nhtsa.gov/images/vehicles/3604_st0640_046.png,Not Rated,Not Rated,4,4,Not Rated,5,4,Not Rated,Not Rated,Not Rated,4,Not Rated,0.107,0,No Tip,Not Rated,Standard,No,No,30,2,0,2006/AUDI/S4/2006 Audi S4 4-DR. w_SAB.png
1817,2006,AUDI,TT,2006 Audi TT 2-DR. Convertible w/SAB,https://static.nhtsa.gov/images/vehicles/3010_st0640_046.png,Not Rated,Not Rated,Not Rated,Not Rated,Not Rated,5,Not Rated,Not Rated,Not Rated,Not Rated,Not Rated,5,0,0.09, ,Not Rated,Standard,No,No,4,1,0,2006/AUDI/TT/2006 Audi TT 2-DR. Convertible w_SAB.png
1878,2006,BENTLEY,ARNAGE R,2006 Bentley Arnage R 4-DR w/SAB,https://static.nhtsa.gov/images/vehicles/3547_st0640_046.png,Not Rated,Not Rated,Not Rated,Not Rated,Not Rated,Not Rated,Not Rated,Not Rated,Not Rated,Not Rated,Not Rated,Not Rated,0,0, ,Not Rated,Standard,No,No,0,1,0,2006/BENTLEY/ARNAGE R/2006 Bentley Arnage R 4-DR w_SAB.png
1879,2006,BENTLEY,ARNAGE RL,2006 Bentley Arnage RL 4-DR w/SAB,https://static.nhtsa.gov/images/vehicles/3547_st0640_046.png,Not Rated,Not Rated,Not Rated,Not Rated,Not Rated,Not Rated,Not Rated,Not Rated,Not Rated,Not Rated,Not Rated,Not Rated,0,0, ,Not Rated,Standard,No,No,0,1,0,2006/BENTLEY/ARNAGE RL/2006 Bentley Arnage RL 4-DR w_SAB.png
1880,2006,BENTLEY,ARNAGE T,2006 Bentley Arnage T 4-DR w/SAB,https://static.nhtsa.gov/images/vehicles/3547_st0640_046.png,Not Rated,Not Rated,Not Rated,Not Rated,Not Rated,Not Rated,Not Rated,Not Rated,Not Rated,Not Rated,Not Rated,Not Rated,0,0, ,Not Rated,Standard,No,No,0,1,0,2006/BENTLEY/ARNAGE T/2006 Bentley Arnage T 4-DR w_SAB.png
1881,2006,BENTLEY,CONTINENTAL GT,2006 Bentley Continental GT 2-DR w/SAB,https://static.nhtsa.gov/images/vehicles/3592_st0640_046.png,Not Rated,Not Rated,Not Rated,Not Rated,Not Rated,Not Rated,Not Rated,Not Rated,Not Rated,Not Rated,Not Rated,Not Rated,0,0, ,Not Rated,Standard,No,No,3,2,0,2006/BENTLEY/CONTINENTAL GT/2006 Bentley Continental GT 2-DR w_SAB.png
1913,2006,BMW,3 SERIES,2006 BMW 3 Series 4-DR. w/SAB,https://static.nhtsa.gov/images/vehicles/3546_st0640_046.png,Not Rated,Not Rated,4,4,Not Rated,5,5,Not Rated,Not Rated,Not Rated,Not Rated,4,0,0.103, ,Not Rated,Standard,No,No,1235,15,4,2006/BMW/3 SERIES/2006 BMW 3 Series 4-DR. w_SAB.png
1976,2006,BMW,3 SERIES,2006 BMW 3 Series 2-DR w/SAB,https://static.nhtsa.gov/images/vehicles/2819_st0640_046.png,Not Rated,Not Rated,Not Rated,Not Rated,Not Rated,Not Rated,Not Rated,Not Rated,Not Rated,Not Rated,Not Rated,Not Rated,0,0, ,Not Rated,Standard,No,No,1235,15,4,2006/BMW/3 SERIES/2006 BMW 3 Series 2-DR w_SAB.png
1914,2006,BMW,5 SERIES,2006 BMW 5 Series 4-DR w/SAB,https://static.nhtsa.gov/images/vehicles/3339_st0640_046.png,Not Rated,Not Rated,Not Rated,Not Rated,Not Rated,Not Rated,Not Rated,Not Rated,Not Rated,Not Rated,Not Rated,Not Rated,0,0, ,Not Rated,Standard,No,No,385,12,2,2006/BMW/5 SERIES/2006 BMW 5 Series 4-DR w_SAB.png
1915,2006,BMW,6 SERIES,2006 BMW 6 Series 2-DR w/SAB,https://static.nhtsa.gov/images/vehicles/3322_st0640_046.png,Not Rated,Not Rated,Not Rated,Not Rated,Not Rated,Not Rated,Not Rated,Not Rated,Not Rated,Not Rated,Not Rated,Not Rated,0,0, ,Not Rated,Standard,No,No,26,6,1,2006/BMW/6 SERIES/2006 BMW 6 Series 2-DR w_SAB.png
1916,2006,BMW,7 SERIES,2006 BMW 7 Series 4-DR w/SAB,https://static.nhtsa.gov/images/vehicles/3003_st0640_046.png,Not Rated,Not Rated,Not Rated,Not Rated,Not Rated,Not Rated,Not Rated,Not Rated,Not Rated,Not Rated,Not Rated,Not Rated,0,0, ,Not Rated,Standard,No,No,315,7,4,2006/BMW/7 SERIES/2006 BMW 7 Series 4-DR w_SAB.png
1917,2006,BMW,M3,2006 BMW M3 2-DR w/SAB,https://static.nhtsa.gov/images/vehicles/2819_st0640_046.png,Not Rated,Not Rated,Not Rated,Not Rated,Not Rated,Not Rated,Not Rated,Not Rated,Not Rated,Not Rated,Not Rated,Not Rated,0,0, ,Not Rated,Standard,No,No,216,9,3,2006/BMW/M3/2006 BMW M3 2-DR w_SAB.png
1919,2006,BMW,M5,2006 BMW M5 4-DR w/SAB,https://static.nhtsa.gov/images/vehicles/3338_st0640_046.png,Not Rated,Not Rated,Not Rated,Not Rated,Not Rated,Not Rated,Not Rated,Not Rated,Not Rated,Not Rated,Not Rated,Not Rated,0,0, ,Not Rated,Standard,No,No,123,8,2,2006/BMW/M5/2006 BMW M5 4-DR w_SAB.png
1920,2006,BMW,M6,2006 BMW M6 2-DR w/SAB,,Not Rated,Not Rated,Not Rated,Not Rated,Not Rated,Not Rated,Not Rated,Not Rated,Not Rated,Not Rated,Not Rated,Not Rated,0,0, ,Not Rated,Standard,No,No,7,5,1,2006/BMW/M6/2006 BMW M6 2-DR w_SAB.png
1918,2006,BMW,X3,2006 BMW X3 4-DR w/SAB,https://static.nhtsa.gov/images/vehicles/3426_st0640_046.png,Not Rated,Not Rated,Not Rated,Not Rated,Not Rated,Not Rated,Not Rated,Not Rated,Not Rated,Not Rated,Not Rated,Not Rated,0,0, ,Not Rated,Standard,No,No,344,5,2,2006/BMW/X3/2006 BMW X3 4-DR w_SAB.png
1682,2006,BMW,X5,2006 BMW X5  4-DR. w/SAB,https://static.nhtsa.gov/images/vehicles/2967_st0640_046.png,Not Rated,Not Rated,5,5,Not Rated,4,5,Not Rated,Not Rated,Not Rated,Not Rated,Not Rated,0,0, ,Not Rated,Standard,No,No,279,9,2,2006/BMW/X5/2006 BMW X5  4-DR. w_SAB.png
1832,2006,BMW,Z4,2006 BMW Z4 Roadster w/SAB,https://static.nhtsa.gov/images/vehicles/3589_st0640_046.png,Not Rated,Not Rated,4,4,Not Rated,3,Not Rated,Not Rated,Not Rated,Not Rated,Not Rated,5,0,0.082, ,Not Rated,Standard,No,No,91,2,1,2006/BMW/Z4/2006 BMW Z4 Roadster w_SAB.png
1683,2006,BUICK,LACROSSE,2006 Buick LaCrosse 4-DR w/SAB,https://static.nhtsa.gov/images/vehicles/3141_st0640_046.png,Not Rated,Not Rated,5,5,Not Rated,Not Rated,Not Rated,Not Rated,Not Rated,Not Rated,Not Rated,4,0,0.113, ,Not Rated,Optional,No,No,298,4,1,2006/BUICK/LACROSSE/2006 Buick LaCrosse 4-DR w_SAB.png
1858,2006,BUICK,LUCERNE,2006 Buick Lucerne 4-DR. w/SAB,https://static.nhtsa.gov/images/vehicles/3081_st0640_046.png,Not Rated,Not Rated,5,5,Not Rated,4,4,Not Rated,Not Rated,Not Rated,Not Rated,5,0,0.101, ,Not Rated,Optional,No,No,330,4,1,2006/BUICK/LUCERNE/2006 Buick Lucerne 4-DR. w_SAB.png
1686,2006,BUICK,RAINIER,2006 Buick Rainier 4-DR.,https://static.nhtsa.gov/images/vehicles/3140_st0640_046.png,Not Rated,Not Rated,3,4,Not Rated,5,5,Not Rated,Not Rated,Not Rated,4,3,0.191,0.204,No Tip,Not Rated,Standard,No,No,90,7,4,2006/BUICK/RAINIER/2006 Buick Rainier 4-DR..png
1684,2006,BUICK,RENDEZVOUS,2006 Buick Rendezvous 4-DR. w/SAB,https://static.nhtsa.gov/images/vehicles/3483_st0640_046.png,Not Rated,Not Rated,3,4,Not Rated,5,5,Not Rated,Not Rated,Not Rated,Not Rated,Not Rated,0,0, ,Not Rated,No,No,No,88,1,0,2006/BUICK/RENDEZVOUS/2006 Buick Rendezvous 4-DR. w_SAB.png
1685,2006,BUICK,TERRAZA,2006 Buick Terraza,https://static.nhtsa.gov/images/vehicles/2523_st0640_046.png,Not Rated,Not Rated,5,5,Not Rated,4,5,Not Rated,Not Rated,Not Rated,Not Rated,3,0,0.204, ,Not Rated,Optional,No,No,53,3,2,2006/BUICK/TERRAZA/2006 Buick Terraza.png
1818,2006,CADILLAC,CTS,2006 Cadillac CTS 4-DR. w/SAB,https://static.nhtsa.gov/images/vehicles/3114_st0640_046.png,Not Rated,Not Rated,4,4,Not Rated,4,5,Not Rated,Not Rated,Not Rated,Not Rated,4,0,0.111, ,Not Rated,Optional,No,No,269,7,3,2006/CADILLAC/CTS/2006 Cadillac CTS 4-DR. w_SAB.png
1860,2006,CADILLAC,DTS,2006 Cadillac DTS 4-DR w/SAB,https://static.nhtsa.gov/images/vehicles/3180_st0640_046.png,Not Rated,Not Rated,5,4,Not Rated,4,4,Not Rated,Not Rated,Not Rated,Not Rated,4,0,0.111, ,Not Rated,Optional,No,No,254,4,1,2006/CADILLAC/DTS/2006 Cadillac DTS 4-DR w_SAB.png
1687,2006,CADILLAC,ESCALADE,2006 Cadillac Escalade 4-DR. w/SAB,https://static.nhtsa.gov/images/vehicles/3270_st0640_046.png,Not Rated,Not Rated,4,4,Not Rated,Not Rated,Not Rated,Not Rated,Not Rated,Not Rated,3,3,0.228,0.246,No Tip,Not Rated,Standard,No,No,24,2,0,2006/CADILLAC/ESCALADE/2006 Cadillac Escalade 4-DR. w_SAB.png
1688,2006,CADILLAC,ESCALADE ESV,2006 Cadillac Escalade ESV 4-DR. w/SAB,https://static.nhtsa.gov/images/vehicles/3427_st0640_046.png,Not Rated,Not Rated,4,3,Not Rated,Not Rated,Not Rated,Not Rated,Not Rated,Not Rated,3,Not Rated,0.219,0,No Tip,Not Rated,Standard,No,No,24,2,0,2006/CADILLAC/ESCALADE ESV/2006 Cadillac Escalade ESV 4-DR. w_SAB.png
1689,2006,CADILLAC,ESCALADE EXT,2006 Cadillac Escalade EXT w/SAB,https://static.nhtsa.gov/images/vehicles/2912_st0640_046.png,Not Rated,Not Rated,3,4,Not Rated,Not Rated,Not Rated,Not Rated,Not Rated,Not Rated,3,Not Rated,0.219,0,No Tip,Not Rated,Standard,No,No,19,2,0,2006/CADILLAC/ESCALADE EXT/2006 Cadillac Escalade EXT w_SAB.png
1690,2006,CADILLAC,SRX,2006 Cadillac SRX 4-DR. w/SAB,https://static.nhtsa.gov/images/vehicles/3056_st0640_046.png,Not Rated,Not Rated,4,4,Not Rated,5,5,Not Rated,Not Rated,Not Rated,Not Rated,Not Rated,0,0, ,Not Rated,Standard,No,No,68,3,1,2006/CADILLAC/SRX/2006 Cadillac SRX 4-DR. w_SAB.png
1859,2006,CADILLAC,STS,2006 Cadillac STS 4-DR w/SAB,https://static.nhtsa.gov/images/vehicles/3269_st0640_046.png,Not Rated,Not Rated,Not Rated,Not Rated,Not Rated,Not Rated,Not Rated,Not Rated,Not Rated,Not Rated,Not Rated,Not Rated,0,0, ,Not Rated,Standard,No,No,141,4,1,2006/CADILLAC/STS/2006 Cadillac STS 4-DR w_SAB.png
1854,2006,CADILLAC,XLR,2006 Cadillac XLR Convertible w/SAB,https://static.nhtsa.gov/images/vehicles/3111_st0640_046.png,Not Rated,Not Rated,Not Rated,Not Rated,Not Rated,Not Rated,Not Rated,Not Rated,Not Rated,Not Rated,Not Rated,Not Rated,0,0, ,Not Rated,Standard,No,No,9,1,0,2006/CADILLAC/XLR/2006 Cadillac XLR Convertible w_SAB.png
1691,2006,CHEVROLET,AVALANCHE,2006 Chevrolet Avalanche w/SAB,https://static.nhtsa.gov/images/vehicles/3109_st0640_046.png,Not Rated,Not Rated,3,4,Not Rated,Not Rated,Not Rated,Not Rated,Not Rated,Not Rated,3,3,0.219,0.256,No Tip,Not Rated,Standard,No,No,52,3,0,2006/CHEVROLET/AVALANCHE/2006 Chevrolet Avalanche w_SAB.png
1692,2006,CHEVROLET,AVEO,2006 Chevrolet Aveo 4-DR. w/SAB,https://static.nhtsa.gov/images/vehicles/3349_st0640_046.png,Not Rated,Not Rated,5,5,Not Rated,4,4,Not Rated,Not Rated,Not Rated,Not Rated,4,0,0.133, ,Not Rated,No,No,No,187,1,0,2006/CHEVROLET/AVEO/2006 Chevrolet Aveo 4-DR. w_SAB.png
1693,2006,CHEVROLET,COBALT,2006 Chevrolet Cobalt 4-DR,https://static.nhtsa.gov/images/vehicles/3145_st0640_046.png,Not Rated,Not Rated,4,5,Not Rated,3,4,Not Rated,Not Rated,Not Rated,Not Rated,4,0,0.111, ,Not Rated,No,No,No,2326,6,1,2006/CHEVROLET/COBALT/2006 Chevrolet Cobalt 4-DR.png
1856,2006,CHEVROLET,COBALT,2006 Chevrolet Cobalt 2-DR,https://static.nhtsa.gov/images/vehicles/2789_st0640_046.png,Not Rated,Not Rated,4,5,Not Rated,4,4,Not Rated,Not Rated,Not Rated,Not Rated,4,0,0.109, ,Not Rated,No,No,No,2326,6,1,2006/CHEVROLET/COBALT/2006 Chevrolet Cobalt 2-DR.png
2006,2006,CHEVROLET,COBALT,2006 Chevrolet Cobalt 2-DR w/SAB,https://static.nhtsa.gov/images/vehicles/2789_st0640_046.png,Not Rated,Not Rated,4,5,Not Rated,3,4,Not Rated,Not Rated,Not Rated,Not Rated,4,0,0.109, ,Not Rated,No,No,No,2326,6,1,2006/CHEVROLET/COBALT/2006 Chevrolet Cobalt 2-DR w_SAB.png
1694,2006,CHEVROLET,COLORADO,2006 Chevrolet Colorado 4-DR.,https://static.nhtsa.gov/images/vehicles/3250_st0640_046.png,Not Rated,Not Rated,5,5,Not Rated,4,5,Not Rated,Not Rated,Not Rated,4,4,0.179,0.185,No Tip,Not Rated,No,No,No,235,4,1,2006/CHEVROLET/COLORADO/2006 Chevrolet Colorado 4-DR..png
1695,2006,CHEVROLET,COLORADO,2006 Chevrolet Colorado Regular Cab,https://static.nhtsa.gov/images/vehicles/3461_st0640_046.png,Not Rated,Not Rated,4,4,Not Rated,4,Not Rated,Not Rated,Not Rated,Not Rated,4,4,0.179,0.185,No Tip,Not Rated,No,No,No,235,4,1,2006/CHEVROLET/COLORADO/2006 Chevrolet Colorado Regular Cab.png
2349,2006,CHEVROLET,COLORADO,2006 Chevrolet Colorado Extended Cab,https://static.nhtsa.gov/images/vehicles/3250_st0640_046.png,Not Rated,Not Rated,4,4,Not Rated,4,Not Rated,Not Rated,Not Rated,Not Rated,4,4,0.179,0.185,No Tip,Not Rated,No,No,No,235,4,1,2006/CHEVROLET/COLORADO/2006 Chevrolet Colorado Extended Cab.png
1852,2006,CHEVROLET,CORVETTE,2006 Chevrolet Corvette 2-DR,https://static.nhtsa.gov/images/vehicles/3350_st0640_046.png,Not Rated,Not Rated,Not Rated,Not Rated,Not Rated,Not Rated,Not Rated,Not Rated,Not Rated,Not Rated,Not Rated,Not Rated,0,0, ,Not Rated,Standard,No,No,409,5,4,2006/CHEVROLET/CORVETTE/2006 Chevrolet Corvette 2-DR.png
1853,2006,CHEVROLET,CORVETTE Z06,2006 Chevrolet Corvette Z06 2-DR,https://static.nhtsa.gov/images/vehicles/3113_st0640_046.png,Not Rated,Not Rated,Not Rated,Not Rated,Not Rated,Not Rated,Not Rated,Not Rated,Not Rated,Not Rated,Not Rated,Not Rated,0,0, ,Not Rated,Standard,No,No,409,5,4,2006/CHEVROLET/CORVETTE Z06/2006 Chevrolet Corvette Z06 2-DR.png
1696,2006,CHEVROLET,EQUINOX,2006 Chevrolet Equinox 4-DR.,https://static.nhtsa.gov/images/vehicles/3230_st0640_046.png,Not Rated,Not Rated,5,5,Not Rated,5,5,Not Rated,Not Rated,Not Rated,4,4,0.187,0.198,Tip,Not Rated,No,No,No,694,0,0,2006/CHEVROLET/EQUINOX/2006 Chevrolet Equinox 4-DR..png
1868,2006,CHEVROLET,EXPRESS,2006 Chevrolet Express 1500 Van,https://static.nhtsa.gov/images/vehicles/3129_st0640_046.png,Not Rated,Not Rated,5,5,Not Rated,Not Rated,Not Rated,Not Rated,Not Rated,Not Rated,Not Rated,3,0,0.283, ,Not Rated,Optional,No,No,16,17,0,2006/CHEVROLET/EXPRESS/2006 Chevrolet Express 1500 Van.png
1982,2006,CHEVROLET,EXPRESS 3500 15 PASSENGER,2006 Chevrolet Express Van 3500 15 Passenger Van,https://static.nhtsa.gov/images/vehicles/3129_st0640_046.png,Not Rated,Not Rated,Not Rated,Not Rated,Not Rated,Not Rated,Not Rated,Not Rated,Not Rated,Not Rated,Not Rated,3,0,0.279, ,Not Rated,Standard,No,No,26,18,0,2006/CHEVROLET/EXPRESS 3500 15 PASSENGER/2006 Chevrolet Express Van 3500 15 Passenger Van.png
1865,2006,CHEVROLET,HHR,2006 Chevrolet HHR 4-DR.,https://static.nhtsa.gov/images/vehicles/3107_st0640_046.png,Not Rated,Not Rated,5,5,Not Rated,5,5,Not Rated,Not Rated,Not Rated,Not Rated,4,0,0.143, ,Not Rated,No,No,No,1004,6,0,2006/CHEVROLET/HHR/2006 Chevrolet HHR 4-DR..png
1849,2006,CHEVROLET,IMPALA,2006 Chevrolet Impala 4-DR w/SAB,https://static.nhtsa.gov/images/vehicles/2999_st0640_046.png,Not Rated,Not Rated,5,5,Not Rated,5,4,Not Rated,Not Rated,Not Rated,Not Rated,4,0,0.113, ,Not Rated,No,No,No,541,3,1,2006/CHEVROLET/IMPALA/2006 Chevrolet Impala 4-DR w_SAB.png
5867,2006,CHEVROLET,IMPALA,2006 Chevrolet Impala 4-DR,https://static.nhtsa.gov/images/vehicles/2999_st0640_046.png,Not Rated,Not Rated,5,5,Not Rated,Not Rated,Not Rated,Not Rated,Not Rated,Not Rated,Not Rated,4,0,0.113, ,Not Rated,No,No,No,541,3,1,2006/CHEVROLET/IMPALA/2006 Chevrolet Impala 4-DR.png
1697,2006,CHEVROLET,MALIBU,2006 Chevrolet Malibu 4-DR.,https://static.nhtsa.gov/images/vehicles/3077_st0640_046.png,Not Rated,Not Rated,5,5,Not Rated,4,5,Not Rated,Not Rated,Not Rated,Not Rated,4,0,0.111, ,Not Rated,No,No,No,1373,9,0,2006/CHEVROLET/MALIBU/2006 Chevrolet Malibu 4-DR..png
1698,2006,CHEVROLET,MALIBU,2006 Chevrolet Malibu 4-DR. w/SAB,https://static.nhtsa.gov/images/vehicles/3077_st0640_046.png,Not Rated,Not Rated,5,5,Not Rated,5,4,Not Rated,Not Rated,Not Rated,Not Rated,4,0,0.111, ,Not Rated,No,No,No,1373,9,0,2006/CHEVROLET/MALIBU/2006 Chevrolet Malibu 4-DR. w_SAB.png
1991,2006,CHEVROLET,MALIBU MAXX,2006 Chevrolet Malibu Maxx 5-DR.,https://static.nhtsa.gov/images/vehicles/3077_st0640_046.png,Not Rated,Not Rated,5,5,Not Rated,Not Rated,Not Rated,Not Rated,Not Rated,Not Rated,Not Rated,4,0,0.111, ,Not Rated,No,No,No,1373,9,0,2006/CHEVROLET/MALIBU MAXX/2006 Chevrolet Malibu Maxx 5-DR..png
1850,2006,CHEVROLET,MONTE CARLO,2006 Chevrolet Monte Carlo 2-DR.,https://static.nhtsa.gov/images/vehicles/3108_st0640_046.png,Not Rated,Not Rated,5,5,Not Rated,3,4,Not Rated,Not Rated,Not Rated,Not Rated,4,0,0.103, ,Not Rated,No,No,No,113,2,1,2006/CHEVROLET/MONTE CARLO/2006 Chevrolet Monte Carlo 2-DR..png
2007,2006,CHEVROLET,MONTE CARLO,2006 Chevrolet Monte Carlo 2-DR. w/ SAB,https://static.nhtsa.gov/images/vehicles/3108_st0640_046.png,Not Rated,Not Rated,5,5,Not Rated,3,4,Not Rated,Not Rated,Not Rated,Not Rated,4,0,0.103, ,Not Rated,No,No,No,113,2,1,2006/CHEVROLET/MONTE CARLO/2006 Chevrolet Monte Carlo 2-DR. w_ SAB.png
1699,2006,CHEVROLET,SILVERADO,2006 Chevrolet Silverado 4-DR.,https://static.nhtsa.gov/images/vehicles/3019_st0640_046.png,Not Rated,Not Rated,4,3,Not Rated,Not Rated,Not Rated,Not Rated,Not Rated,Not Rated,4,4,0.185,0.159,No Tip,Not Rated,No,No,No,770,11,0,2006/CHEVROLET/SILVERADO/2006 Chevrolet Silverado 4-DR..png
1700,2006,CHEVROLET,SILVERADO,2006 Chevrolet Silverado Regular Cab,https://static.nhtsa.gov/images/vehicles/3462_st0640_046.png,Not Rated,Not Rated,4,3,Not Rated,Not Rated,Not Rated,Not Rated,Not Rated,Not Rated,4,4,0.185,0.159,No Tip,Not Rated,No,No,No,770,11,0,2006/CHEVROLET/SILVERADO/2006 Chevrolet Silverado Regular Cab.png
2353,2006,CHEVROLET,SILVERADO,2006 Chevrolet Silverado Extended Cab,https://static.nhtsa.gov/images/vehicles/3019_st0640_046.png,Not Rated,Not Rated,4,3,Not Rated,Not Rated,Not Rated,Not Rated,Not Rated,Not Rated,4,4,0.185,0.159,No Tip,Not Rated,No,No,No,770,11,0,2006/CHEVROLET/SILVERADO/2006 Chevrolet Silverado Extended Cab.png
1864,2006,CHEVROLET,SSR,2006 Chevrolet SSR 2-DR. w/SAB,https://static.nhtsa.gov/images/vehicles/3278_st0640_046.png,Not Rated,Not Rated,Not Rated,Not Rated,Not Rated,Not Rated,Not Rated,Not Rated,Not Rated,Not Rated,Not Rated,Not Rated,0,0, ,Not Rated,No,No,No,5,1,1,2006/CHEVROLET/SSR/2006 Chevrolet SSR 2-DR. w_SAB.png
1701,2006,CHEVROLET,SUBURBAN,2006 Chevrolet Suburban 1500 4-DR.,https://static.nhtsa.gov/images/vehicles/3179_st0640_046.png,Not Rated,Not Rated,4,3,Not Rated,Not Rated,Not Rated,Not Rated,Not Rated,Not Rated,3,3,0.219,0.237,No Tip,Not Rated,Standard,No,No,56,3,0,2006/CHEVROLET/SUBURBAN/2006 Chevrolet Suburban 1500 4-DR..png
1702,2006,CHEVROLET,TAHOE,2006 Chevrolet Tahoe 4-DR.,https://static.nhtsa.gov/images/vehicles/3135_st0640_046.png,Not Rated,Not Rated,4,4,Not Rated,Not Rated,Not Rated,Not Rated,Not Rated,Not Rated,3,3,0.228,0.246,No Tip,Not Rated,Standard,No,No,114,4,0,2006/CHEVROLET/TAHOE/2006 Chevrolet Tahoe 4-DR..png
1703,2006,CHEVROLET,TRAILBLAZER,2006 Chevrolet Trailblazer 4-DR.,https://static.nhtsa.gov/images/vehicles/3343_st0640_046.png,Not Rated,Not Rated,3,4,Not Rated,5,5,Not Rated,Not Rated,Not Rated,4,3,0.191,0.204,No Tip,Not Rated,Standard,No,No,1345,8,5,2006/CHEVROLET/TRAILBLAZER/2006 Chevrolet Trailblazer 4-DR..png
1869,2006,CHEVROLET,TRAILBLAZER EXT,2006 Chevrolet Trailblazer EXT 4-DR,https://static.nhtsa.gov/images/vehicles/3079_st0640_046.png,Not Rated,Not Rated,4,4,Not Rated,Not Rated,Not Rated,Not Rated,Not Rated,Not Rated,4,3,0.198,0.228,No Tip,Not Rated,Standard,No,No,1311,8,5,2006/CHEVROLET/TRAILBLAZER EXT/2006 Chevrolet Trailblazer EXT 4-DR.png
1704,2006,CHEVROLET,UPLANDER,2006 Chevrolet Uplander,https://static.nhtsa.gov/images/vehicles/2850_st0640_046.png,Not Rated,Not Rated,5,5,Not Rated,4,5,Not Rated,Not Rated,Not Rated,Not Rated,3,0,0.204, ,Not Rated,Optional,No,No,158,4,2,2006/CHEVROLET/UPLANDER/2006 Chevrolet Uplander.png
1705,2006,CHRYSLER,300,2006 Chrysler 300 4-DR,https://static.nhtsa.gov/images/vehicles/3525_st0640_046.png,Not Rated,Not Rated,5,5,Not Rated,4,5,Not Rated,Not Rated,Not Rated,Not Rated,4,0,0.109, ,Not Rated,Standard,No,No,1743,4,4,2006/CHRYSLER/300/2006 Chrysler 300 4-DR.png
1706,2006,CHRYSLER,CROSSFIRE,2006 Chrysler Crossfire 2-DR. w/SAB,https://static.nhtsa.gov/images/vehicles/2234_st0640_046.png,Not Rated,Not Rated,5,4,Not Rated,5,Not Rated,Not Rated,Not Rated,Not Rated,Not Rated,5,0,0.095, ,Not Rated,Standard,No,No,74,0,0,2006/CHRYSLER/CROSSFIRE/2006 Chrysler Crossfire 2-DR. w_SAB.png
1905,2006,CHRYSLER,CROSSFIRE ROADSTER,2006 Chrysler Crossfire Roadster w/SAB,https://static.nhtsa.gov/images/vehicles/2234_st0640_046.png,Not Rated,Not Rated,Not Rated,Not Rated,Not Rated,Not Rated,Not Rated,Not Rated,Not Rated,Not Rated,Not Rated,Not Rated,0,0, ,Not Rated,Standard,No,No,74,0,0,2006/CHRYSLER/CROSSFIRE ROADSTER/2006 Chrysler Crossfire Roadster w_SAB.png
1816,2006,CHRYSLER,PACIFICA,2006 Chrysler Pacifica 4-DR w/SAB,https://static.nhtsa.gov/images/vehicles/3137_st0640_046.png,Not Rated,Not Rated,5,5,Not Rated,5,5,Not Rated,Not Rated,Not Rated,4,4,0.13,0.14,No Tip,Not Rated,No,No,No,725,1,4,2006/CHRYSLER/PACIFICA/2006 Chrysler Pacifica 4-DR w_SAB.png
1707,2006,CHRYSLER,PT CRUISER,2006 Chrysler PT Cruiser 4-DR. w/SAB,https://static.nhtsa.gov/images/vehicles/3231_st0640_046.png,Not Rated,Not Rated,4,4,Not Rated,4,5,Not Rated,Not Rated,Not Rated,Not Rated,4,0,0.136, ,Not Rated,No,No,No,348,1,2,2006/CHRYSLER/PT CRUISER/2006 Chrysler PT Cruiser 4-DR. w_SAB.png
1997,2006,CHRYSLER,PT CRUISER,2006 Chrysler PT Cruiser 4-DR.,https://static.nhtsa.gov/images/vehicles/3231_st0640_046.png,Not Rated,Not Rated,4,4,Not Rated,Not Rated,Not Rated,Not Rated,Not Rated,Not Rated,Not Rated,4,0,0.136, ,Not Rated,No,No,No,348,1,2,2006/CHRYSLER/PT CRUISER/2006 Chrysler PT Cruiser 4-DR..png
1708,2006,CHRYSLER,SEBRING,2006 Chrysler Sebring 4-DR.,https://static.nhtsa.gov/images/vehicles/3585_st0640_046.png,Not Rated,Not Rated,5,5,Not Rated,3,3,Not Rated,Not Rated,Not Rated,Not Rated,5,0,0.093, ,Not Rated,No,No,No,137,3,0,2006/CHRYSLER/SEBRING/2006 Chrysler Sebring 4-DR..png
1833,2006,CHRYSLER,SEBRING,2006 Chrysler Sebring Convertible,https://static.nhtsa.gov/images/vehicles/3281_st0640_046.png,Not Rated,Not Rated,3,3,Not Rated,3,4,Not Rated,Not Rated,Not Rated,Not Rated,5,0,0.09, ,Not Rated,No,No,No,178,3,0,2006/CHRYSLER/SEBRING/2006 Chrysler Sebring Convertible.png
1709,2006,CHRYSLER,TOWN & COUNTRY,2006 Chrysler Town & Country LWB,https://static.nhtsa.gov/images/vehicles/3232_st0640_046.png,Not Rated,Not Rated,5,5,Not Rated,5,5,Not Rated,Not Rated,Not Rated,Not Rated,4,0,0.174, ,Not Rated,No,No,No,486,4,5,2006/CHRYSLER/TOWN & COUNTRY/2006 Chrysler Town & Country LWB.png
1710,2006,CHRYSLER,TOWN & COUNTRY,2006 Chrysler Town & Country SWB,https://static.nhtsa.gov/images/vehicles/3232_st0640_046.png,Not Rated,Not Rated,5,5,Not Rated,4,5,Not Rated,Not Rated,Not Rated,Not Rated,4,0,0.169, ,Not Rated,No,No,No,486,4,5,2006/CHRYSLER/TOWN & COUNTRY/2006 Chrysler Town & Country SWB.png
1714,2006,DODGE,CARAVAN,2006 Dodge Caravan,https://static.nhtsa.gov/images/vehicles/3248_st0640_046.png,Not Rated,Not Rated,5,5,Not Rated,4,5,Not Rated,Not Rated,Not Rated,Not Rated,4,0,0.169, ,Not Rated,No,No,No,172,6,5,2006/DODGE/CARAVAN/2006 Dodge Caravan.png
1678,2006,DODGE,CHARGER,2006 Dodge Charger 4-DR.,https://static.nhtsa.gov/images/vehicles/3001_st0640_046.png,Not Rated,Not Rated,5,5,Not Rated,4,5,Not Rated,Not Rated,Not Rated,Not Rated,4,0,0.109, ,Not Rated,Standard,No,No,1289,5,4,2006/DODGE/CHARGER/2006 Dodge Charger 4-DR..png
1819,2006,DODGE,DAKOTA,2006 Dodge Dakota 4-DR.,https://static.nhtsa.gov/images/vehicles/2868_st0640_046.png,Not Rated,Not Rated,5,4,Not Rated,5,5,Not Rated,Not Rated,Not Rated,4,4,0.179,0.191,No Tip,Not Rated,No,No,No,281,6,5,2006/DODGE/DAKOTA/2006 Dodge Dakota 4-DR..png
1820,2006,DODGE,DAKOTA,2006 Dodge Dakota Extended Cab,https://static.nhtsa.gov/images/vehicles/2745_st0640_046.png,Not Rated,Not Rated,5,5,Not Rated,5,Not Rated,Not Rated,Not Rated,Not Rated,4,4,0.179,0.191,No Tip,Not Rated,No,No,No,281,6,5,2006/DODGE/DAKOTA/2006 Dodge Dakota Extended Cab.png
1711,2006,DODGE,DURANGO,2006 Dodge Durango 4-DR.,https://static.nhtsa.gov/images/vehicles/3249_st0640_046.png,Not Rated,Not Rated,5,5,Not Rated,Not Rated,Not Rated,Not Rated,Not Rated,Not Rated,4,3,0.191,0.212,No Tip,Not Rated,Optional,No,No,849,10,7,2006/DODGE/DURANGO/2006 Dodge Durango 4-DR..png
1712,2006,DODGE,GRAND CARAVAN,2006 Dodge Grand Caravan,https://static.nhtsa.gov/images/vehicles/3248_st0640_046.png,Not Rated,Not Rated,5,5,Not Rated,5,5,Not Rated,Not Rated,Not Rated,Not Rated,4,0,0.174, ,Not Rated,No,No,No,282,4,5,2006/DODGE/GRAND CARAVAN/2006 Dodge Grand Caravan.png
1713,2006,DODGE,MAGNUM,2006 Dodge Magnum 4-DR.,https://static.nhtsa.gov/images/vehicles/3002_st0640_046.png,Not Rated,Not Rated,5,5,Not Rated,4,5,Not Rated,Not Rated,Not Rated,Not Rated,4,0,0.109, ,Not Rated,Standard,No,No,321,5,4,2006/DODGE/MAGNUM/2006 Dodge Magnum 4-DR..png
1715,2006,DODGE,RAM 1500,2006 Dodge Ram 1500 4-DR.,https://static.nhtsa.gov/images/vehicles/3265_st0640_046.png,Not Rated,Not Rated,5,5,Not Rated,Not Rated,Not Rated,Not Rated,Not Rated,Not Rated,4,4,0.198,0.179,No Tip,Not Rated,No,No,No,812,16,4,2006/DODGE/RAM 1500/2006 Dodge Ram 1500 4-DR..png
1716,2006,DODGE,RAM 1500,2006 Dodge Ram 1500 Regular Cab,https://static.nhtsa.gov/images/vehicles/3466_st0640_046.png,Not Rated,Not Rated,5,5,Not Rated,Not Rated,Not Rated,Not Rated,Not Rated,Not Rated,4,4,0.198,0.179,No Tip,Not Rated,No,No,No,812,16,4,2006/DODGE/RAM 1500/2006 Dodge Ram 1500 Regular Cab.png
1717,2006,DODGE,STRATUS,2006 Dodge Stratus 4-DR,https://static.nhtsa.gov/images/vehicles/2866_st0640_046.png,Not Rated,Not Rated,5,5,Not Rated,3,3,Not Rated,Not Rated,Not Rated,Not Rated,5,0,0.093, ,Not Rated,No,No,No,74,3,0,2006/DODGE/STRATUS/2006 Dodge Stratus 4-DR.png
1906,2006,DODGE,VIPER,2006 Dodge Viper SRT-10,https://static.nhtsa.gov/images/vehicles/3674_st0640_046.png,Not Rated,Not Rated,Not Rated,Not Rated,Not Rated,Not Rated,Not Rated,Not Rated,Not Rated,Not Rated,Not Rated,Not Rated,0,0, ,Not Rated,No,No,No,8,2,1,2006/DODGE/VIPER/2006 Dodge Viper SRT-10.png
1722,2006,FORD,CROWN VICTORIA,2006 Ford Crown Victoria 4-DR.,https://static.nhtsa.gov/images/vehicles/3279_st0640_046.png,Not Rated,Not Rated,5,5,Not Rated,4,5,Not Rated,Not Rated,Not Rated,Not Rated,5,0,0.09, ,Not Rated,No,No,No,52,3,3,2006/FORD/CROWN VICTORIA/2006 Ford Crown Victoria 4-DR..png
1723,2006,FORD,CROWN VICTORIA,2006 Ford Crown Victoria 4-DR. w/SAB,https://static.nhtsa.gov/images/vehicles/3279_st0640_046.png,Not Rated,Not Rated,5,5,Not Rated,5,5,Not Rated,Not Rated,Not Rated,Not Rated,5,0,0.09, ,Not Rated,No,No,No,52,3,3,2006/FORD/CROWN VICTORIA/2006 Ford Crown Victoria 4-DR. w_SAB.png
1811,2006,FORD,E-150,2006 Ford E-150 Passenger Wagon,https://static.nhtsa.gov/images/vehicles/3212_st0640_046.png,Not Rated,Not Rated,4,4,Not Rated,Not Rated,Not Rated,Not Rated,Not Rated,Not Rated,Not Rated,3,0,0.295, ,Not Rated,No,No,No,17,24,0,2006/FORD/E-150/2006 Ford E-150 Passenger Wagon.png
1993,2006,FORD,E-350 15 PASSENGER,2006 Ford E-350 15 Passenger Wagon,https://static.nhtsa.gov/images/vehicles/3212_st0640_046.png,Not Rated,Not Rated,Not Rated,Not Rated,Not Rated,Not Rated,Not Rated,Not Rated,Not Rated,Not Rated,Not Rated,2,0,0.306, ,Not Rated,Standard,No,No,53,47,2,2006/FORD/E-350 15 PASSENGER/2006 Ford E-350 15 Passenger Wagon.png
1718,2006,FORD,ESCAPE,2006 Ford Escape 4-DR.,https://static.nhtsa.gov/images/vehicles/3203_st0640_046.png,Not Rated,Not Rated,4,4,Not Rated,5,5,Not Rated,Not Rated,Not Rated,3,3,0.209,0.237,Tip,Not Rated,No,No,No,717,6,2,2006/FORD/ESCAPE/2006 Ford Escape 4-DR..png
1719,2006,FORD,ESCAPE HYBRID,2006 Ford Escape Hybrid 4-DR,https://static.nhtsa.gov/images/vehicles/3060_st0640_046.png,Not Rated,Not Rated,4,4,Not Rated,5,5,Not Rated,Not Rated,Not Rated,Not Rated,Not Rated,0,0, ,Not Rated,No,No,No,717,6,2,2006/FORD/ESCAPE HYBRID/2006 Ford Escape Hybrid 4-DR.png
1720,2006,FORD,EXPEDITION,2006 Ford Expedition 4-DR.,https://static.nhtsa.gov/images/vehicles/3206_st0640_046.png,Not Rated,Not Rated,5,5,Not Rated,Not Rated,Not Rated,Not Rated,Not Rated,Not Rated,4,3,0.198,0.212,No Tip,Not Rated,Optional,No,No,299,6,1,2006/FORD/EXPEDITION/2006 Ford Expedition 4-DR..png
1885,2006,FORD,EXPLORER,2006 Ford Explorer 4-DR. w/SAB,https://static.nhtsa.gov/images/vehicles/3227_st0640_046.png,Not Rated,Not Rated,5,5,Not Rated,5,5,Not Rated,Not Rated,Not Rated,3,3,0.228,0.237,No Tip,Not Rated,Standard,No,No,634,4,0,2006/FORD/EXPLORER/2006 Ford Explorer 4-DR. w_SAB.png
1812,2006,FORD,F-150,2006 Ford F-150 Supercrew 4-DR.,https://static.nhtsa.gov/images/vehicles/3256_st0640_046.png,Not Rated,Not Rated,5,5,Not Rated,Not Rated,Not Rated,Not Rated,Not Rated,Not Rated,4,4,0.198,0.174,No Tip,Not Rated,No,No,No,582,14,2,2006/FORD/F-150/2006 Ford F-150 Supercrew 4-DR..png
1813,2006,FORD,F-150,2006 Ford F-150 Regular Cab,https://static.nhtsa.gov/images/vehicles/2916_st0640_046.png,Not Rated,Not Rated,5,5,Not Rated,Not Rated,Not Rated,Not Rated,Not Rated,Not Rated,4,4,0.198,0.174,No Tip,Not Rated,No,No,No,582,14,2,2006/FORD/F-150/2006 Ford F-150 Regular Cab.png
2356,2006,FORD,F-150,2006 Ford F-150 Supercab,https://static.nhtsa.gov/images/vehicles/2741_st0640_046.png,Not Rated,Not Rated,5,5,Not Rated,Not Rated,Not Rated,Not Rated,Not Rated,Not Rated,4,4,0.198,0.174,No Tip,Not Rated,No,No,No,582,14,2,2006/FORD/F-150/2006 Ford F-150 Supercab.png
1721,2006,FORD,FIVE HUNDRED,2006 Ford Five Hundred 4-DR,https://static.nhtsa.gov/images/vehicles/2733_st0640_046.png,Not Rated,Not Rated,5,5,Not Rated,5,5,Not Rated,Not Rated,Not Rated,4,4,0.113,0.105,No Tip,Not Rated,No,No,No,364,1,1,2006/FORD/FIVE HUNDRED/2006 Ford Five Hundred 4-DR.png
2372,2006,FORD,FIVE HUNDRED,2006 Ford Five Hundred 4-DR. w/SAB,https://static.nhtsa.gov/images/vehicles/2733_st0640_046.png,Not Rated,Not Rated,5,5,Not Rated,5,5,Not Rated,Not Rated,Not Rated,4,4,0.113,0.105,No Tip,Not Rated,No,No,No,364,1,1,2006/FORD/FIVE HUNDRED/2006 Ford Five Hundred 4-DR. w_SAB.png
1724,2006,FORD,FOCUS,2006 Ford Focus 4-DR.,https://static.nhtsa.gov/images/vehicles/3226_st0640_046.png,Not Rated,Not Rated,5,4,Not Rated,3,4,Not Rated,Not Rated,Not Rated,Not Rated,4,0,0.13, ,Not Rated,No,No,No,203,2,0,2006/FORD/FOCUS/2006 Ford Focus 4-DR..png
1725,2006,FORD,FOCUS,2006 Ford Focus 2-DR. Hatchback,https://static.nhtsa.gov/images/vehicles/2723_st0640_046.png,Not Rated,Not Rated,4,4,Not Rated,3,4,Not Rated,Not Rated,Not Rated,Not Rated,4,0,0.14, ,Not Rated,No,No,No,203,2,0,2006/FORD/FOCUS/2006 Ford Focus 2-DR. Hatchback.png
1726,2006,FORD,FREESTAR,2006 Ford Freestar,https://static.nhtsa.gov/images/vehicles/3209_st0640_046.png,Not Rated,Not Rated,5,5,Not Rated,4,5,Not Rated,Not Rated,Not Rated,Not Rated,4,0,0.147, ,Not Rated,Optional,No,No,355,4,3,2006/FORD/FREESTAR/2006 Ford Freestar.png
1727,2006,FORD,FREESTYLE,2006 Ford Freestyle 4-DR,https://static.nhtsa.gov/images/vehicles/3150_st0640_046.png,Not Rated,Not Rated,5,5,Not Rated,5,5,Not Rated,Not Rated,Not Rated,4,4,0.133,0.143,No Tip,Not Rated,No,No,No,1299,1,1,2006/FORD/FREESTYLE/2006 Ford Freestyle 4-DR.png
2371,2006,FORD,FREESTYLE,2006 Ford Freestyle 4-DR. w/SAB,https://static.nhtsa.gov/images/vehicles/3150_st0640_046.png,Not Rated,Not Rated,5,5,Not Rated,5,5,Not Rated,Not Rated,Not Rated,4,4,0.133,0.143,No Tip,Not Rated,No,No,No,1299,1,1,2006/FORD/FREESTYLE/2006 Ford Freestyle 4-DR. w_SAB.png
1888,2006,FORD,FUSION,2006 Ford Fusion 4-DR.,https://static.nhtsa.gov/images/vehicles/3052_st0640_046.png,Not Rated,Not Rated,4,4,Not Rated,4,4,Not Rated,Not Rated,Not Rated,5,4,0.092,0.105,No Tip,Not Rated,No,No,No,728,5,1,2006/FORD/FUSION/2006 Ford Fusion 4-DR..png
1987,2006,FORD,FUSION,2006 Ford Fusion 4-DR. w/SAB,https://static.nhtsa.gov/images/vehicles/3052_st0640_046.png,Not Rated,Not Rated,4,4,Not Rated,5,4,Not Rated,Not Rated,Not Rated,5,4,0.092,0.105,No Tip,Not Rated,No,No,No,728,5,1,2006/FORD/FUSION/2006 Ford Fusion 4-DR. w_SAB.png
1886,2006,FORD,GT,2006 Ford GT 2-DR,https://static.nhtsa.gov/images/vehicles/2784_st0640_046.png,Not Rated,Not Rated,Not Rated,Not Rated,Not Rated,Not Rated,Not Rated,Not Rated,Not Rated,Not Rated,Not Rated,Not Rated,0,0, ,Not Rated,No,No,No,5,4,2,2006/FORD/GT/2006 Ford GT 2-DR.png
1728,2006,FORD,MUSTANG,2006 Ford Mustang 2-DR,https://static.nhtsa.gov/images/vehicles/2959_st0640_046.png,Not Rated,Not Rated,5,5,Not Rated,4,Not Rated,Not Rated,Not Rated,Not Rated,Not Rated,5,0,0.087, ,Not Rated,No,No,No,570,10,3,2006/FORD/MUSTANG/2006 Ford Mustang 2-DR.png
1729,2006,FORD,RANGER,2006 Ford Ranger Regular Cab,https://static.nhtsa.gov/images/vehicles/3280_st0640_046.png,Not Rated,Not Rated,4,4,Not Rated,5,Not Rated,Not Rated,Not Rated,Not Rated,2,3,0.306,0.219,No Tip,Not Rated,No,No,No,269,12,0,2006/FORD/RANGER/2006 Ford Ranger Regular Cab.png
1730,2006,FORD,RANGER,2006 Ford Ranger Supercab,https://static.nhtsa.gov/images/vehicles/3280_st0640_046.png,Not Rated,Not Rated,4,4,Not Rated,4,Not Rated,Not Rated,Not Rated,Not Rated,2,3,0.306,0.219,No Tip,Not Rated,No,No,No,269,12,0,2006/FORD/RANGER/2006 Ford Ranger Supercab.png
1731,2006,FORD,TAURUS,2006 Ford Taurus 4-DR.,,Not Rated,Not Rated,4,5,Not Rated,3,3,Not Rated,Not Rated,Not Rated,Not Rated,4,0,0.105, ,Not Rated,No,No,No,318,3,1,2006/FORD/TAURUS/2006 Ford Taurus 4-DR..png
1732,2006,FORD,TAURUS,2006 Ford Taurus 4-DR. w/SAB,,Not Rated,Not Rated,4,5,Not Rated,3,3,Not Rated,Not Rated,Not Rated,Not Rated,4,0,0.105, ,Not Rated,No,No,No,318,3,1,2006/FORD/TAURUS/2006 Ford Taurus 4-DR. w_SAB.png
1733,2006,GMC,CANYON,2006 GMC Canyon 4-DR.,https://static.nhtsa.gov/images/vehicles/3134_st0640_046.png,Not Rated,Not Rated,5,5,Not Rated,4,5,Not Rated,Not Rated,Not Rated,4,4,0.179,0.185,No Tip,Not Rated,No,No,No,48,4,1,2006/GMC/CANYON/2006 GMC Canyon 4-DR..png
1734,2006,GMC,CANYON,2006 GMC Canyon Regular Cab,https://static.nhtsa.gov/images/vehicles/3133_st0640_046.png,Not Rated,Not Rated,4,4,Not Rated,4,Not Rated,Not Rated,Not Rated,Not Rated,4,4,0.179,0.185,No Tip,Not Rated,No,No,No,48,4,1,2006/GMC/CANYON/2006 GMC Canyon Regular Cab.png
2350,2006,GMC,CANYON,2006 GMC Canyon Extended Cab,https://static.nhtsa.gov/images/vehicles/3134_st0640_046.png,Not Rated,Not Rated,4,4,Not Rated,4,Not Rated,Not Rated,Not Rated,Not Rated,4,4,0.179,0.185,No Tip,Not Rated,No,No,No,48,4,1,2006/GMC/CANYON/2006 GMC Canyon Extended Cab.png
1735,2006,GMC,ENVOY,2006 GMC Envoy 4-DR.,https://static.nhtsa.gov/images/vehicles/3136_st0640_046.png,Not Rated,Not Rated,3,4,Not Rated,5,5,Not Rated,Not Rated,Not Rated,4,3,0.191,0.204,No Tip,Not Rated,Standard,No,No,601,9,4,2006/GMC/ENVOY/2006 GMC Envoy 4-DR..png
1870,2006,GMC,ENVOY XL,2006 GMC Envoy XL 4-DR,https://static.nhtsa.gov/images/vehicles/3013_st0640_046.png,Not Rated,Not Rated,4,4,Not Rated,Not Rated,Not Rated,Not Rated,Not Rated,Not Rated,4,3,0.198,0.228,No Tip,Not Rated,Standard,No,No,601,9,4,2006/GMC/ENVOY XL/2006 GMC Envoy XL 4-DR.png
1975,2006,GMC,SAVANA,2006 GMC Savana Van,https://static.nhtsa.gov/images/vehicles/2207_st0640_046.png,Not Rated,Not Rated,5,5,Not Rated,Not Rated,Not Rated,Not Rated,Not Rated,Not Rated,Not Rated,3,0,0.283, ,Not Rated,Optional,No,No,10,10,0,2006/GMC/SAVANA/2006 GMC Savana Van.png
1985,2006,GMC,SAVANA 3500 15 PASSENGER,2006 GMC Savana 3500 15 Passenger Van,https://static.nhtsa.gov/images/vehicles/2207_st0640_046.png,Not Rated,Not Rated,Not Rated,Not Rated,Not Rated,Not Rated,Not Rated,Not Rated,Not Rated,Not Rated,Not Rated,3,0,0.279, ,Not Rated,Standard,No,No,8,10,0,2006/GMC/SAVANA 3500 15 PASSENGER/2006 GMC Savana 3500 15 Passenger Van.png
1736,2006,GMC,SIERRA,2006 GMC Sierra 4-DR.,https://static.nhtsa.gov/images/vehicles/3024_st0640_046.png,Not Rated,Not Rated,4,3,Not Rated,Not Rated,Not Rated,Not Rated,Not Rated,Not Rated,4,4,0.185,0.159,No Tip,Not Rated,No,No,No,278,11,0,2006/GMC/SIERRA/2006 GMC Sierra 4-DR..png
1737,2006,GMC,SIERRA,2006 GMC Sierra 2-DR.,https://static.nhtsa.gov/images/vehicles/3433_st0640_046.png,Not Rated,Not Rated,4,3,Not Rated,Not Rated,Not Rated,Not Rated,Not Rated,Not Rated,4,4,0.185,0.159,No Tip,Not Rated,No,No,No,278,11,0,2006/GMC/SIERRA/2006 GMC Sierra 2-DR..png
1738,2006,GMC,YUKON,2006 GMC Yukon 4-DR.,https://static.nhtsa.gov/images/vehicles/3018_st0640_046.png,Not Rated,Not Rated,4,4,Not Rated,Not Rated,Not Rated,Not Rated,Not Rated,Not Rated,3,3,0.228,0.246,No Tip,Not Rated,Standard,No,No,83,4,0,2006/GMC/YUKON/2006 GMC Yukon 4-DR..png
1739,2006,GMC,YUKON XL,2006 GMC Yukon XL 4-DR.,https://static.nhtsa.gov/images/vehicles/3017_st0640_046.png,Not Rated,Not Rated,4,3,Not Rated,Not Rated,Not Rated,Not Rated,Not Rated,Not Rated,3,3,0.219,0.237,No Tip,Not Rated,Standard,No,No,83,4,0,2006/GMC/YUKON XL/2006 GMC Yukon XL 4-DR..png
1840,2006,HONDA,ACCORD,2006 Honda Accord 2-DR. w/SAB,https://static.nhtsa.gov/images/vehicles/2990_st0640_046.png,Not Rated,Not Rated,5,5,Not Rated,4,5,Not Rated,Not Rated,Not Rated,Not Rated,4,0,0.103, ,Not Rated,Optional,No,No,428,17,4,2006/HONDA/ACCORD/2006 Honda Accord 2-DR. w_SAB.png
1841,2006,HONDA,ACCORD,2006 Honda Accord 4-DR. w/SAB,https://static.nhtsa.gov/images/vehicles/3255_st0640_046.png,Not Rated,Not Rated,5,5,Not Rated,4,4,Not Rated,Not Rated,Not Rated,Not Rated,4,0,0.107, ,Not Rated,Optional,No,No,428,17,4,2006/HONDA/ACCORD/2006 Honda Accord 4-DR. w_SAB.png
1842,2006,HONDA,ACCORD HYBRID,2006 Honda Accord Hybrid 4-DR w/SAB,,Not Rated,Not Rated,5,5,Not Rated,4,4,Not Rated,Not Rated,Not Rated,Not Rated,4,0,0.107, ,Not Rated,Standard,No,No,428,17,5,2006/HONDA/ACCORD HYBRID/2006 Honda Accord Hybrid 4-DR w_SAB.png
1873,2006,HONDA,CIVIC,2006 Honda Civic 2-DR. w/SAB,https://static.nhtsa.gov/images/vehicles/3062_st0640_046.png,Not Rated,Not Rated,5,5,Not Rated,3,5,Not Rated,Not Rated,Not Rated,Not Rated,4,0,0.103, ,Not Rated,Optional,No,No,1398,15,0,2006/HONDA/CIVIC/2006 Honda Civic 2-DR. w_SAB.png
1874,2006,HONDA,CIVIC,2006 Honda Civic 4-DR. w/SAB,https://static.nhtsa.gov/images/vehicles/3520_st0640_046.png,Not Rated,Not Rated,5,5,Not Rated,4,5,Not Rated,Not Rated,Not Rated,Not Rated,4,0,0.105, ,Not Rated,No,No,No,1398,15,0,2006/HONDA/CIVIC/2006 Honda Civic 4-DR. w_SAB.png
1986,2006,HONDA,CIVIC HYBRID,2006 Honda Civic Hybrid 4-DR. w/SAB,,Not Rated,Not Rated,5,5,Not Rated,4,5,Not Rated,Not Rated,Not Rated,Not Rated,4,0,0.105, ,Not Rated,No,No,No,1453,17,1,2006/HONDA/CIVIC HYBRID/2006 Honda Civic Hybrid 4-DR. w_SAB.png
1843,2006,HONDA,CR-V,2006 Honda CR-V w/SAB,https://static.nhtsa.gov/images/vehicles/3457_st0640_046.png,Not Rated,Not Rated,5,5,Not Rated,Not Rated,Not Rated,Not Rated,Not Rated,Not Rated,4,4,0.198,0.198,No Tip,Not Rated,Standard,No,No,396,13,5,2006/HONDA/CR-V/2006 Honda CR-V w_SAB.png
1844,2006,HONDA,ELEMENT,2006 Honda Element 4-DR.,https://static.nhtsa.gov/images/vehicles/3069_st0640_046.png,Not Rated,Not Rated,5,5,Not Rated,5,5,Not Rated,Not Rated,Not Rated,Not Rated,Not Rated,0,0, ,Not Rated,No,No,No,115,11,3,2006/HONDA/ELEMENT/2006 Honda Element 4-DR..png
1872,2006,HONDA,FCX,2006 Honda FCX 2-DR,,Not Rated,Not Rated,Not Rated,Not Rated,Not Rated,Not Rated,Not Rated,Not Rated,Not Rated,Not Rated,Not Rated,Not Rated,0,0, ,Not Rated,No,No,No,0,0,0,2006/HONDA/FCX/2006 Honda FCX 2-DR.png
1845,2006,HONDA,INSIGHT,2006 Honda Insight 2-DR.,https://static.nhtsa.gov/images/vehicles/3053_st0640_046.png,Not Rated,Not Rated,4,4,Not Rated,4,Not Rated,Not Rated,Not Rated,Not Rated,Not Rated,4,0,0.116, ,Not Rated,No,No,No,2,1,1,2006/HONDA/INSIGHT/2006 Honda Insight 2-DR..png
1846,2006,HONDA,ODYSSEY,2006 Honda Odyssey w/SAB,https://static.nhtsa.gov/images/vehicles/3458_st0640_046.png,Not Rated,Not Rated,5,5,Not Rated,5,5,Not Rated,Not Rated,Not Rated,Not Rated,4,0,0.14, ,Not Rated,Standard,No,No,701,4,1,2006/HONDA/ODYSSEY/2006 Honda Odyssey w_SAB.png
1847,2006,HONDA,PILOT,2006 Honda Pilot 4-DR. w/SAB,https://static.nhtsa.gov/images/vehicles/2998_st0640_046.png,Not Rated,Not Rated,5,5,Not Rated,5,5,Not Rated,Not Rated,Not Rated,4,4,0.159,0.164,No Tip,Not Rated,Standard,No,No,260,10,3,2006/HONDA/PILOT/2006 Honda Pilot 4-DR. w_SAB.png
1835,2006,HONDA,RIDGELINE,2006 Honda Ridgeline 4-DR. w/SAB,https://static.nhtsa.gov/images/vehicles/2841_st0640_046.png,Not Rated,Not Rated,5,5,Not Rated,5,5,Not Rated,Not Rated,Not Rated,4,Not Rated,0.143,0,No Tip,Not Rated,Standard,No,No,237,14,4,2006/HONDA/RIDGELINE/2006 Honda Ridgeline 4-DR. w_SAB.png
1848,2006,HONDA,S2000,2006 Honda S2000 Convertible,https://static.nhtsa.gov/images/vehicles/3112_st0640_046.png,Not Rated,Not Rated,4,4,Not Rated,5,Not Rated,Not Rated,Not Rated,Not Rated,Not Rated,5,0,0.082, ,Not Rated,No,No,No,10,2,0,2006/HONDA/S2000/2006 Honda S2000 Convertible.png
1866,2006,HUMMER,H2,2006 Hummer H2 4-DR,https://static.nhtsa.gov/images/vehicles/3149_st0640_046.png,Not Rated,Not Rated,Not Rated,Not Rated,Not Rated,Not Rated,Not Rated,Not Rated,Not Rated,Not Rated,Not Rated,Not Rated,0,0, ,Not Rated,No,No,No,24,5,2,2006/HUMMER/H2/2006 Hummer H2 4-DR.png
1867,2006,HUMMER,H3,2006 Hummer H3 4-DR,https://static.nhtsa.gov/images/vehicles/2737_st0640_046.png,Not Rated,Not Rated,5,4,Not Rated,5,5,Not Rated,Not Rated,Not Rated,3,Not Rated,0.246,0,No Tip,Not Rated,No,No,No,358,4,0,2006/HUMMER/H3/2006 Hummer H3 4-DR.png
1921,2006,HYUNDAI,ACCENT,2006 Hyundai Accent 4-DR. w/SAB,https://static.nhtsa.gov/images/vehicles/3464_st0640_046.png,Not Rated,Not Rated,5,5,Not Rated,4,3,Not Rated,Not Rated,Not Rated,Not Rated,4,0,0.124, ,Not Rated,No,No,No,43,3,1,2006/HYUNDAI/ACCENT/2006 Hyundai Accent 4-DR. w_SAB.png
2363,2006,HYUNDAI,ACCENT,2006 Hyundai Accent 2-DR. w/SAB,https://static.nhtsa.gov/images/vehicles/3464_st0640_046.png,Not Rated,Not Rated,Not Rated,Not Rated,Not Rated,Not Rated,Not Rated,Not Rated,Not Rated,Not Rated,Not Rated,Not Rated,0,0, ,Not Rated,No,No,No,43,3,1,2006/HYUNDAI/ACCENT/2006 Hyundai Accent 2-DR. w_SAB.png
1925,2006,HYUNDAI,AZERA,2006 Hyundai Azera 4-DR w/SAB,https://static.nhtsa.gov/images/vehicles/3711_st0640_046.png,Not Rated,Not Rated,4,4,Not Rated,5,4,Not Rated,Not Rated,Not Rated,Not Rated,4,0,0.107, ,Not Rated,Standard,No,No,188,6,1,2006/HYUNDAI/AZERA/2006 Hyundai Azera 4-DR w_SAB.png
1922,2006,HYUNDAI,ELANTRA,2006 Hyundai Elantra 4-DR. w/SAB,https://static.nhtsa.gov/images/vehicles/3439_st0640_046.png,Not Rated,Not Rated,5,4,Not Rated,5,4,Not Rated,Not Rated,Not Rated,Not Rated,4,0,0.111, ,Not Rated,No,No,No,155,1,0,2006/HYUNDAI/ELANTRA/2006 Hyundai Elantra 4-DR. w_SAB.png
1740,2006,HYUNDAI,SANTA FE,2006 Hyundai Santa Fe 4-DR w/SAB,https://static.nhtsa.gov/images/vehicles/3335_st0640_046.png,Not Rated,Not Rated,4,5,Not Rated,5,5,Not Rated,Not Rated,Not Rated,3,3,0.203,0.223,Tip,Not Rated,No,No,No,104,1,0,2006/HYUNDAI/SANTA FE/2006 Hyundai Santa Fe 4-DR w_SAB.png
1923,2006,HYUNDAI,SONATA,2006 Hyundai Sonata 4-DR w/SAB,https://static.nhtsa.gov/images/vehicles/2997_st0640_046.png,Not Rated,Not Rated,5,5,Not Rated,5,5,Not Rated,Not Rated,Not Rated,Not Rated,4,0,0.103, ,Not Rated,Standard,No,No,1044,11,5,2006/HYUNDAI/SONATA/2006 Hyundai Sonata 4-DR w_SAB.png
1741,2006,HYUNDAI,TIBURON,2006 Hyundai Tiburon 2-DR. w/SAB,https://static.nhtsa.gov/images/vehicles/2857_st0640_046.png,Not Rated,Not Rated,5,4,Not Rated,4,Not Rated,Not Rated,Not Rated,Not Rated,Not Rated,4,0,0.109, ,Not Rated,Optional,No,No,64,1,0,2006/HYUNDAI/TIBURON/2006 Hyundai Tiburon 2-DR. w_SAB.png
1924,2006,HYUNDAI,TUCSON,2006 Hyundai Tucson 4-DR w/SAB,https://static.nhtsa.gov/images/vehicles/2906_st0640_046.png,Not Rated,Not Rated,5,5,Not Rated,5,5,Not Rated,Not Rated,Not Rated,4,4,0.179,0.198,No Tip,Not Rated,Standard,No,No,134,5,1,2006/HYUNDAI/TUCSON/2006 Hyundai Tucson 4-DR w_SAB.png
1834,2006,INFINITI,FX35/45,2006 Infiniti FX35/45 4-DR. w/SAB,https://static.nhtsa.gov/images/vehicles/3510_st0640_046.png,Not Rated,Not Rated,5,5,Not Rated,5,5,Not Rated,Not Rated,Not Rated,4,4,0.151,0.159,No Tip,Not Rated,Standard,No,No,44,7,1,2006/INFINITI/FX35/45/2006 Infiniti FX35_45 4-DR. w_SAB.png
1948,2006,INFINITI,G35 COUPE,2006 Infiniti G35 Coupe 2-DR w/SAB,https://static.nhtsa.gov/images/vehicles/3484_st0640_046.png,Not Rated,Not Rated,Not Rated,Not Rated,Not Rated,Not Rated,Not Rated,Not Rated,Not Rated,Not Rated,Not Rated,Not Rated,0,0, ,Not Rated,Standard,No,No,145,2,0,2006/INFINITI/G35 COUPE/2006 Infiniti G35 Coupe 2-DR w_SAB.png
1949,2006,INFINITI,G35 SEDAN,2006 Infiniti G35 Sedan 4-DR w/SAB,https://static.nhtsa.gov/images/vehicles/3337_st0640_046.png,Not Rated,Not Rated,Not Rated,Not Rated,Not Rated,Not Rated,Not Rated,Not Rated,Not Rated,Not Rated,Not Rated,Not Rated,0,0, ,Not Rated,Standard,No,No,145,2,0,2006/INFINITI/G35 SEDAN/2006 Infiniti G35 Sedan 4-DR w_SAB.png
1952,2006,INFINITI,M35/45,2006 Infiniti M35/45 4-DR. w/SAB,https://static.nhtsa.gov/images/vehicles/2905_st0640_046.png,Not Rated,Not Rated,Not Rated,Not Rated,Not Rated,Not Rated,Not Rated,Not Rated,Not Rated,Not Rated,Not Rated,Not Rated,0,0, ,Not Rated,Standard,No,No,282,6,3,2006/INFINITI/M35/45/2006 Infiniti M35_45 4-DR. w_SAB.png
1950,2006,INFINITI,Q45,2006 Infiniti Q45 4-DR w/SAB,https://static.nhtsa.gov/images/vehicles/3748_st0640_046.png,Not Rated,Not Rated,Not Rated,Not Rated,Not Rated,Not Rated,Not Rated,Not Rated,Not Rated,Not Rated,Not Rated,Not Rated,0,0, ,Not Rated,Standard,No,No,0,1,0,2006/INFINITI/Q45/2006 Infiniti Q45 4-DR w_SAB.png
1951,2006,INFINITI,QX56,2006 Infiniti QX56 4-DR w/SAB,https://static.nhtsa.gov/images/vehicles/2844_st0640_046.png,Not Rated,Not Rated,4,5,Not Rated,Not Rated,Not Rated,Not Rated,Not Rated,Not Rated,3,3,0.219,0.212,No Tip,Not Rated,Standard,No,No,79,4,0,2006/INFINITI/QX56/2006 Infiniti QX56 4-DR w_SAB.png
1821,2006,ISUZU,ASCENDER 5,2006 Isuzu Ascender 5 4-DR,https://static.nhtsa.gov/images/vehicles/2859_st0640_046.png,Not Rated,Not Rated,3,4,Not Rated,5,5,Not Rated,Not Rated,Not Rated,4,3,0.191,0.204,No Tip,Not Rated,Standard,No,No,32,6,2,2006/ISUZU/ASCENDER 5/2006 Isuzu Ascender 5 4-DR.png
1930,2006,ISUZU,ASCENDER 7,2006 Isuzu Ascender 7 4-DR,https://static.nhtsa.gov/images/vehicles/2859_st0640_046.png,Not Rated,Not Rated,4,4,Not Rated,Not Rated,Not Rated,Not Rated,Not Rated,Not Rated,4,3,0.198,0.228,No Tip,Not Rated,Standard,No,No,32,6,2,2006/ISUZU/ASCENDER 7/2006 Isuzu Ascender 7 4-DR.png
2351,2006,ISUZU,I-280,2006 Isuzu I-280 Extended Cab,https://static.nhtsa.gov/images/vehicles/3573_st0640_046.png,Not Rated,Not Rated,4,4,Not Rated,4,Not Rated,Not Rated,Not Rated,Not Rated,4,4,0.179,0.185,No Tip,Not Rated,No,No,No,11,3,1,2006/ISUZU/I-280/2006 Isuzu I-280 Extended Cab.png
1931,2006,ISUZU,I-350,2006 Isuzu I-350 4-DR,https://static.nhtsa.gov/images/vehicles/3572_st0640_046.png,Not Rated,Not Rated,5,5,Not Rated,4,5,Not Rated,Not Rated,Not Rated,4,4,0.179,0.185,No Tip,Not Rated,No,No,No,4,3,1,2006/ISUZU/I-350/2006 Isuzu I-350 4-DR.png
1822,2006,JAGUAR,S-TYPE,2006 Jaguar S-Type 4-DR. w/SAB,https://static.nhtsa.gov/images/vehicles/3524_st0640_046.png,Not Rated,Not Rated,Not Rated,Not Rated,Not Rated,4,5,Not Rated,Not Rated,Not Rated,Not Rated,5,0,0.09, ,Not Rated,Standard,No,No,22,2,0,2006/JAGUAR/S-TYPE/2006 Jaguar S-Type 4-DR. w_SAB.png
1823,2006,JAGUAR,X-TYPE,2006 Jaguar X-Type 4-DR. w/SAB,https://static.nhtsa.gov/images/vehicles/2824_st0640_046.png,Not Rated,Not Rated,Not Rated,Not Rated,Not Rated,4,4,Not Rated,Not Rated,Not Rated,4,Not Rated,0.105,0,No Tip,Not Rated,Optional,No,No,43,4,1,2006/JAGUAR/X-TYPE/2006 Jaguar X-Type 4-DR. w_SAB.png
1934,2006,JAGUAR,X-TYPE SPORTSWAGEN,2006 Jaguar X-Type Sportswagon w/SAB,https://static.nhtsa.gov/images/vehicles/2816_st0640_046.png,Not Rated,Not Rated,Not Rated,Not Rated,Not Rated,Not Rated,Not Rated,Not Rated,Not Rated,Not Rated,Not Rated,Not Rated,0,0, ,Not Rated,Standard,No,No,22,0,0,2006/JAGUAR/X-TYPE SPORTSWAGEN/2006 Jaguar X-Type Sportswagon w_SAB.png
1932,2006,JAGUAR,XJ,2006 Jaguar XJ 4-DR w/SAB,https://static.nhtsa.gov/images/vehicles/2825_st0640_046.png,Not Rated,Not Rated,Not Rated,Not Rated,Not Rated,Not Rated,Not Rated,Not Rated,Not Rated,Not Rated,Not Rated,Not Rated,0,0, ,Not Rated,Standard,No,No,38,3,1,2006/JAGUAR/XJ/2006 Jaguar XJ 4-DR w_SAB.png
1933,2006,JAGUAR,XK,2006 Jaguar XK 2-DR w/SAB,https://static.nhtsa.gov/images/vehicles/2814_st0640_046.png,Not Rated,Not Rated,Not Rated,Not Rated,Not Rated,Not Rated,Not Rated,Not Rated,Not Rated,Not Rated,Not Rated,Not Rated,0,0, ,Not Rated,Standard,No,No,26,1,0,2006/JAGUAR/XK/2006 Jaguar XK 2-DR w_SAB.png
1908,2006,JEEP,COMMANDER,2006 Jeep Commander 4-DR. w/SAB,https://static.nhtsa.gov/images/vehicles/3541_st0640_046.png,Not Rated,Not Rated,5,5,Not Rated,Not Rated,Not Rated,Not Rated,Not Rated,Not Rated,3,Not Rated,0.228,0,No Tip,Not Rated,Standard,No,No,1775,6,5,2006/JEEP/COMMANDER/2006 Jeep Commander 4-DR. w_SAB.png
1742,2006,JEEP,GRAND CHEROKEE,2006 Jeep Grand Cherokee 4-DR.,https://static.nhtsa.gov/images/vehicles/2746_st0640_046.png,Not Rated,Not Rated,5,5,Not Rated,5,5,Not Rated,Not Rated,Not Rated,4,3,0.191,0.204,No Tip,Not Rated,Standard,No,No,1290,6,2,2006/JEEP/GRAND CHEROKEE/2006 Jeep Grand Cherokee 4-DR..png
2374,2006,JEEP,GRAND CHEROKEE,2006 Jeep Grand Cherokee 4-DR. w/SAB,https://static.nhtsa.gov/images/vehicles/2746_st0640_046.png,Not Rated,Not Rated,5,5,Not Rated,5,5,Not Rated,Not Rated,Not Rated,4,3,0.191,0.204,No Tip,Not Rated,Standard,No,No,1290,6,2,2006/JEEP/GRAND CHEROKEE/2006 Jeep Grand Cherokee 4-DR. w_SAB.png
1743,2006,JEEP,LIBERTY,2006 Jeep Liberty 4-DR.,https://static.nhtsa.gov/images/vehicles/3538_st0640_046.png,Not Rated,Not Rated,5,4,Not Rated,5,5,Not Rated,Not Rated,Not Rated,3,3,0.219,0.246,No Tip,Not Rated,Standard,No,No,1361,10,5,2006/JEEP/LIBERTY/2006 Jeep Liberty 4-DR..png
1744,2006,JEEP,WRANGLER,2006 Jeep Wrangler 2-DR.,https://static.nhtsa.gov/images/vehicles/3422_st0640_046.png,Not Rated,Not Rated,4,4,Not Rated,Not Rated,Not Rated,Not Rated,Not Rated,Not Rated,4,Not Rated,0.198,0,No Tip,Not Rated,No,No,No,728,3,1,2006/JEEP/WRANGLER/2006 Jeep Wrangler 2-DR..png
1824,2006,KIA,AMANTI,2006 Kia Amanti 4-DR w/SAB,https://static.nhtsa.gov/images/vehicles/3518_st0640_046.png,Not Rated,Not Rated,Not Rated,Not Rated,Not Rated,Not Rated,Not Rated,Not Rated,Not Rated,Not Rated,Not Rated,4,0,0.111, ,Not Rated,Optional,No,No,47,0,0,2006/KIA/AMANTI/2006 Kia Amanti 4-DR w_SAB.png
1745,2006,KIA,OPTIMA,2006 Kia Optima 4-DR w/SAB Early Release,https://static.nhtsa.gov/images/vehicles/3501_st0640_046.png,Not Rated,Not Rated,4,4,Not Rated,4,4,Not Rated,Not Rated,Not Rated,Not Rated,5,0,0.101, ,Not Rated,No,No,No,155,2,3,2006/KIA/OPTIMA/2006 Kia Optima 4-DR w_SAB Early Release.png
1929,2006,KIA,OPTIMA,2006 Kia Optima 4-DR w/SAB Later Release,https://static.nhtsa.gov/images/vehicles/3501_st0640_046.png,Not Rated,Not Rated,5,5,Not Rated,5,5,Not Rated,Not Rated,Not Rated,Not Rated,Not Rated,0,0, ,Not Rated,Optional,No,No,155,2,3,2006/KIA/OPTIMA/2006 Kia Optima 4-DR w_SAB Later Release.png
1926,2006,KIA,RIO,2006 Kia Rio 4-DR. w/SAB (Early release),https://static.nhtsa.gov/images/vehicles/3502_st0640_046.png,Not Rated,Not Rated,4,5,Not Rated,3,3,Not Rated,Not Rated,Not Rated,Not Rated,4,0,0.118, ,Not Rated,Optional,No,No,72,1,0,2006/KIA/RIO/2006 Kia Rio 4-DR. w_SAB (Early release).png
2370,2006,KIA,RIO,2006 Kia Rio 4-DR. w/SAB (Later release),https://static.nhtsa.gov/images/vehicles/3502_st0640_046.png,Not Rated,Not Rated,4,5,Not Rated,4,3,Not Rated,Not Rated,Not Rated,Not Rated,4,0,0.118, ,Not Rated,Optional,No,No,72,1,0,2006/KIA/RIO/2006 Kia Rio 4-DR. w_SAB (Later release).png
1927,2006,KIA,SEDONA,2006 Kia Sedona Van w/SAB,https://static.nhtsa.gov/images/vehicles/3148_st0640_046.png,Not Rated,Not Rated,5,5,Not Rated,5,5,Not Rated,Not Rated,Not Rated,Not Rated,4,0,0.136, ,Not Rated,Standard,No,No,383,7,0,2006/KIA/SEDONA/2006 Kia Sedona Van w_SAB.png
1746,2006,KIA,SORENTO,2006 Kia Sorento 4-DR. w/SAB,https://static.nhtsa.gov/images/vehicles/3531_st0640_046.png,Not Rated,Not Rated,4,4,Not Rated,5,5,Not Rated,Not Rated,Not Rated,3,3,0.204,0.212,No Tip,Not Rated,No,No,No,242,1,1,2006/KIA/SORENTO/2006 Kia Sorento 4-DR. w_SAB.png
1747,2006,KIA,SPECTRA,2006 Kia Spectra 4-DR w/SAB,https://static.nhtsa.gov/images/vehicles/3510_st0640_046.png,Not Rated,Not Rated,4,4,Not Rated,4,3,Not Rated,Not Rated,Not Rated,Not Rated,4,0,0.133, ,Not Rated,No,No,No,118,1,0,2006/KIA/SPECTRA/2006 Kia Spectra 4-DR w_SAB.png
1928,2006,KIA,SPORTAGE,2006 Kia Sportage 4-DR w/SAB,https://static.nhtsa.gov/images/vehicles/2895_st0640_046.png,Not Rated,Not Rated,5,5,Not Rated,5,5,Not Rated,Not Rated,Not Rated,Not Rated,Not Rated,0,0, ,Not Rated,Standard,No,No,111,1,0,2006/KIA/SPORTAGE/2006 Kia Sportage 4-DR w_SAB.png
1935,2006,LAND ROVER,LR3,2006 Land Rover LR3 4-DR w/SAB,https://static.nhtsa.gov/images/vehicles/3459_st0640_046.png,Not Rated,Not Rated,Not Rated,Not Rated,Not Rated,Not Rated,Not Rated,Not Rated,Not Rated,Not Rated,Not Rated,Not Rated,0,0, ,Not Rated,Standard,No,No,50,6,0,2006/LAND ROVER/LR3/2006 Land Rover LR3 4-DR w_SAB.png
1936,2006,LAND ROVER,RANGE ROVER,2006 Land Rover Range Rover 4-DR w/SAB,https://static.nhtsa.gov/images/vehicles/3011_st0640_046.png,Not Rated,Not Rated,Not Rated,Not Rated,Not Rated,Not Rated,Not Rated,Not Rated,Not Rated,Not Rated,Not Rated,Not Rated,0,0, ,Not Rated,Standard,No,No,54,2,0,2006/LAND ROVER/RANGE ROVER/2006 Land Rover Range Rover 4-DR w_SAB.png
1937,2006,LAND ROVER,RANGE ROVER SPORT,2006 Land Rover Range Rover Sport 4-DR w/SAB,https://static.nhtsa.gov/images/vehicles/3325_st0640_046.png,Not Rated,Not Rated,Not Rated,Not Rated,Not Rated,Not Rated,Not Rated,Not Rated,Not Rated,Not Rated,Not Rated,Not Rated,0,0, ,Not Rated,Standard,No,No,26,6,0,2006/LAND ROVER/RANGE ROVER SPORT/2006 Land Rover Range Rover Sport 4-DR w_SAB.png
1825,2006,LEXUS,ES330,2006 Lexus ES330 4-DR. w/SAB,https://static.nhtsa.gov/images/vehicles/2919_st0640_046.png,Not Rated,Not Rated,5,5,Not Rated,5,4,Not Rated,Not Rated,Not Rated,Not Rated,4,0,0.118, ,Not Rated,Optional,No,No,79,0,0,2006/LEXUS/ES330/2006 Lexus ES330 4-DR. w_SAB.png
1891,2006,LEXUS,GS300/430,2006 Lexus GS300/430 4-DR w/SAB,https://static.nhtsa.gov/images/vehicles/2923_st0640_046.png,Not Rated,Not Rated,Not Rated,Not Rated,Not Rated,Not Rated,Not Rated,Not Rated,Not Rated,Not Rated,Not Rated,Not Rated,0,0, ,Not Rated,Standard,No,No,180,8,1,2006/LEXUS/GS300/430/2006 Lexus GS300_430 4-DR w_SAB.png
1892,2006,LEXUS,GX470,2006 Lexus GX470 4-DR w/SAB,,Not Rated,Not Rated,Not Rated,Not Rated,Not Rated,Not Rated,Not Rated,Not Rated,Not Rated,Not Rated,Not Rated,Not Rated,0,0, ,Not Rated,Standard,No,No,37,1,0,2006/LEXUS/GX470/2006 Lexus GX470 4-DR w_SAB.png
1898,2006,LEXUS,IS250/350,2006 Lexus IS250/350 4-DR w/SAB,https://static.nhtsa.gov/images/vehicles/3333_st0640_046.png,Not Rated,Not Rated,Not Rated,Not Rated,Not Rated,Not Rated,Not Rated,Not Rated,Not Rated,Not Rated,Not Rated,Not Rated,0,0, ,Not Rated,Standard,No,No,420,16,1,2006/LEXUS/IS250/350/2006 Lexus IS250_350 4-DR w_SAB.png
1893,2006,LEXUS,LS430,2006 Lexus LS430 4-DR w/SAB,https://static.nhtsa.gov/images/vehicles/3450_st0640_046.png,Not Rated,Not Rated,Not Rated,Not Rated,Not Rated,Not Rated,Not Rated,Not Rated,Not Rated,Not Rated,Not Rated,Not Rated,0,0, ,Not Rated,Standard,No,No,17,1,0,2006/LEXUS/LS430/2006 Lexus LS430 4-DR w_SAB.png
1894,2006,LEXUS,LX470,2006 Lexus LX470 4-DR w/SAB,https://static.nhtsa.gov/images/vehicles/2920_st0640_046.png,Not Rated,Not Rated,Not Rated,Not Rated,Not Rated,Not Rated,Not Rated,Not Rated,Not Rated,Not Rated,Not Rated,Not Rated,0,0, ,Not Rated,Standard,No,No,15,3,0,2006/LEXUS/LX470/2006 Lexus LX470 4-DR w_SAB.png
1895,2006,LEXUS,RX330,2006 Lexus RX330 4-DR w/SAB,,Not Rated,Not Rated,Not Rated,Not Rated,Not Rated,Not Rated,Not Rated,Not Rated,Not Rated,Not Rated,Not Rated,Not Rated,0,0, ,Not Rated,Standard,No,No,94,2,1,2006/LEXUS/RX330/2006 Lexus RX330 4-DR w_SAB.png
1896,2006,LEXUS,RX400H,2006 Lexus RX400h 4-DR w/SAB,https://static.nhtsa.gov/images/vehicles/2955_st0640_046.png,Not Rated,Not Rated,Not Rated,Not Rated,Not Rated,Not Rated,Not Rated,Not Rated,Not Rated,Not Rated,Not Rated,Not Rated,0,0, ,Not Rated,Standard,No,No,181,6,3,2006/LEXUS/RX400H/2006 Lexus RX400h 4-DR w_SAB.png
1897,2006,LEXUS,SC430,2006 Lexus SC430 Convertible w/SAB,https://static.nhtsa.gov/images/vehicles/2856_st0640_046.png,Not Rated,Not Rated,Not Rated,Not Rated,Not Rated,Not Rated,Not Rated,Not Rated,Not Rated,Not Rated,Not Rated,Not Rated,0,0, ,Not Rated,Standard,No,No,7,3,1,2006/LEXUS/SC430/2006 Lexus SC430 Convertible w_SAB.png
1748,2006,LINCOLN,LS,2006 Lincoln LS 4-DR. w/SAB,https://static.nhtsa.gov/images/vehicles/3448_st0640_046.png,Not Rated,Not Rated,5,4,Not Rated,4,5,Not Rated,Not Rated,Not Rated,Not Rated,5,0,0.09, ,Not Rated,Optional,No,No,18,0,0,2006/LINCOLN/LS/2006 Lincoln LS 4-DR. w_SAB.png
1406,2006,LINCOLN,MARK LT,2006 Lincoln Mark LT 4-DR.,https://static.nhtsa.gov/images/vehicles/2932_st0640_046.png,Not Rated,Not Rated,5,5,Not Rated,Not Rated,Not Rated,Not Rated,Not Rated,Not Rated,4,4,0.198,0.174,No Tip,Not Rated,No,No,No,30,5,0,2006/LINCOLN/MARK LT/2006 Lincoln Mark LT 4-DR..png
1749,2006,LINCOLN,NAVIGATOR,2006 Lincoln Navigator 4 DR. w/SAB,https://static.nhtsa.gov/images/vehicles/2818_st0640_046.png,Not Rated,Not Rated,5,5,Not Rated,Not Rated,Not Rated,Not Rated,Not Rated,Not Rated,4,Not Rated,0.191,0,No Tip,Not Rated,Standard,No,No,60,3,0,2006/LINCOLN/NAVIGATOR/2006 Lincoln Navigator 4 DR. w_SAB.png
1750,2006,LINCOLN,TOWN CAR,2006 Lincoln Town Car 4-DR. w/SAB,https://static.nhtsa.gov/images/vehicles/3452_st0640_046.png,Not Rated,Not Rated,5,5,Not Rated,5,5,Not Rated,Not Rated,Not Rated,Not Rated,5,0,0.095, ,Not Rated,No,No,No,143,2,0,2006/LINCOLN/TOWN CAR/2006 Lincoln Town Car 4-DR. w_SAB.png
1890,2006,LINCOLN,ZEPHYR,2006 Lincoln Zephyr 4-DR. w/SAB,https://static.nhtsa.gov/images/vehicles/3463_st0640_046.png,Not Rated,Not Rated,4,4,Not Rated,5,4,Not Rated,Not Rated,Not Rated,Not Rated,4,0,0.105, ,Not Rated,No,No,No,229,5,0,2006/LINCOLN/ZEPHYR/2006 Lincoln Zephyr 4-DR. w_SAB.png
1751,2006,MAZDA,B-SERIES,2006 Mazda B-Series 2-DR.,https://static.nhtsa.gov/images/vehicles/2874_st0640_046.png,Not Rated,Not Rated,4,4,Not Rated,5,Not Rated,Not Rated,Not Rated,Not Rated,2,3,0.306,0.219,No Tip,Not Rated,No,No,No,11,6,0,2006/MAZDA/B-SERIES/2006 Mazda B-Series 2-DR..png
1752,2006,MAZDA,B-SERIES,2006 Mazda B-Series Extended Cab,https://static.nhtsa.gov/images/vehicles/2874_st0640_046.png,Not Rated,Not Rated,4,4,Not Rated,4,Not Rated,Not Rated,Not Rated,Not Rated,2,3,0.306,0.219,No Tip,Not Rated,No,No,No,11,6,0,2006/MAZDA/B-SERIES/2006 Mazda B-Series Extended Cab.png
1753,2006,MAZDA,MAZDA3,2006 Mazda3 4-DR.,https://static.nhtsa.gov/images/vehicles/3321_st0640_046.png,Not Rated,Not Rated,4,4,Not Rated,3,3,Not Rated,Not Rated,Not Rated,Not Rated,4,0,0.105, ,Not Rated,No,No,No,166,2,0,2006/MAZDA/MAZDA3/2006 Mazda3 4-DR..png
1939,2006,MAZDA,MAZDA5,2006 Mazda5,https://static.nhtsa.gov/images/vehicles/3263_st0640_046.png,Not Rated,Not Rated,Not Rated,Not Rated,Not Rated,Not Rated,Not Rated,Not Rated,Not Rated,Not Rated,Not Rated,Not Rated,0,0, ,Not Rated,No,No,No,78,3,0,2006/MAZDA/MAZDA5/2006 Mazda5.png
1754,2006,MAZDA,MAZDA6,2006 Mazda6 Wagon w/SAB,https://static.nhtsa.gov/images/vehicles/3481_st0640_046.png,Not Rated,Not Rated,5,5,Not Rated,4,4,Not Rated,Not Rated,Not Rated,Not Rated,4,0,0.109, ,Not Rated,No,No,No,193,7,3,2006/MAZDA/MAZDA6/2006 Mazda6 Wagon w_SAB.png
1755,2006,MAZDA,MAZDA6,2006 Mazda6 4-DR.,https://static.nhtsa.gov/images/vehicles/2830_st0640_046.png,Not Rated,Not Rated,5,5,Not Rated,3,4,Not Rated,Not Rated,Not Rated,Not Rated,5,0,0.099, ,Not Rated,No,No,No,193,7,3,2006/MAZDA/MAZDA6/2006 Mazda6 4-DR..png
2032,2006,MAZDA,MAZDA6,2006 Mazda6 5-DR. Hatchback w/SAB,https://static.nhtsa.gov/images/vehicles/3481_st0640_046.png,Not Rated,Not Rated,5,5,Not Rated,4,4,Not Rated,Not Rated,Not Rated,Not Rated,5,0,0.099, ,Not Rated,No,No,No,193,7,3,2006/MAZDA/MAZDA6/2006 Mazda6 5-DR. Hatchback w_SAB.png
1756,2006,MAZDA,MPV,2006 Mazda MPV,https://static.nhtsa.gov/images/vehicles/3287_st0640_046.png,Not Rated,Not Rated,5,5,Not Rated,5,5,Not Rated,Not Rated,Not Rated,Not Rated,Not Rated,0,0, ,Not Rated,No,No,No,12,2,1,2006/MAZDA/MPV/2006 Mazda MPV.png
1938,2006,MAZDA,MX-5/ MIATA,2006 Mazda MX-5/MiataConvertible,https://static.nhtsa.gov/images/vehicles/3261_st0640_046.png,Not Rated,Not Rated,Not Rated,Not Rated,Not Rated,Not Rated,Not Rated,Not Rated,Not Rated,Not Rated,Not Rated,Not Rated,0,0, ,Not Rated,Optional,No,No,25,1,0,2006/MAZDA/MX-5/ MIATA/2006 Mazda MX-5_MiataConvertible.png
1757,2006,MAZDA,RX-8,2006 Mazda RX-8 4-DR. w/SAB,https://static.nhtsa.gov/images/vehicles/3284_st0640_046.png,Not Rated,Not Rated,4,5,Not Rated,4,4,Not Rated,Not Rated,Not Rated,Not Rated,5,0,0, ,Not Rated,Optional,No,No,60,5,4,2006/MAZDA/RX-8/2006 Mazda RX-8 4-DR. w_SAB.png
1758,2006,MAZDA,TRIBUTE,2006 Mazda Tribute  4-DR.,https://static.nhtsa.gov/images/vehicles/2829_st0640_046.png,Not Rated,Not Rated,4,4,Not Rated,5,5,Not Rated,Not Rated,Not Rated,3,3,0.209,0.237,Tip,Not Rated,No,No,No,135,3,0,2006/MAZDA/TRIBUTE/2006 Mazda Tribute  4-DR..png
1759,2006,MERCEDES-BENZ,C-CLASS,2006 Mercedes-Benz C-Class 4-DR. w/SAB,https://static.nhtsa.gov/images/vehicles/3067_st0640_046.png,Not Rated,Not Rated,4,4,Not Rated,5,5,Not Rated,Not Rated,Not Rated,Not Rated,4,0,0.124, ,Not Rated,Standard,No,No,177,7,1,2006/MERCEDES-BENZ/C-CLASS/2006 Mercedes-Benz C-Class 4-DR. w_SAB.png
1964,2006,MERCEDES-BENZ,CL-CLASS,2006 Mercedes-Benz CL-Class 2-DR w/SAB,https://static.nhtsa.gov/images/vehicles/3049_st0640_046.png,Not Rated,Not Rated,Not Rated,Not Rated,Not Rated,Not Rated,Not Rated,Not Rated,Not Rated,Not Rated,Not Rated,Not Rated,0,0, ,Not Rated,Standard,No,No,9,1,0,2006/MERCEDES-BENZ/CL-CLASS/2006 Mercedes-Benz CL-Class 2-DR w_SAB.png
1965,2006,MERCEDES-BENZ,CLK-CLASS,2006 Mercedes-Benz CLK-Class 2-DR w/SAB,https://static.nhtsa.gov/images/vehicles/3115_st0640_046.png,Not Rated,Not Rated,Not Rated,Not Rated,Not Rated,Not Rated,Not Rated,Not Rated,Not Rated,Not Rated,Not Rated,Not Rated,0,0, ,Not Rated,Standard,No,No,48,5,0,2006/MERCEDES-BENZ/CLK-CLASS/2006 Mercedes-Benz CLK-Class 2-DR w_SAB.png
1978,2006,MERCEDES-BENZ,CLS-CLASS,2006 Mercedes-Benz CLS 4-DR. w/SAB,https://static.nhtsa.gov/images/vehicles/2424_st0640_046.png,Not Rated,Not Rated,Not Rated,Not Rated,Not Rated,Not Rated,Not Rated,Not Rated,Not Rated,Not Rated,Not Rated,Not Rated,0,0, ,Not Rated,Standard,No,No,110,5,0,2006/MERCEDES-BENZ/CLS-CLASS/2006 Mercedes-Benz CLS 4-DR. w_SAB.png
1760,2006,MERCEDES-BENZ,E-CLASS,2006 Mercedes-Benz E-Class 4-DR. w/SAB,https://static.nhtsa.gov/images/vehicles/2995_st0640_046.png,Not Rated,Not Rated,4,4,Not Rated,5,5,Not Rated,Not Rated,Not Rated,Not Rated,5,0,0.101, ,Not Rated,Standard,No,No,531,6,3,2006/MERCEDES-BENZ/E-CLASS/2006 Mercedes-Benz E-Class 4-DR. w_SAB.png
1966,2006,MERCEDES-BENZ,MAYBACH,2006 Mercedes-Benz Maybach 4-DR w/SAB,,Not Rated,Not Rated,Not Rated,Not Rated,Not Rated,Not Rated,Not Rated,Not Rated,Not Rated,Not Rated,Not Rated,Not Rated,0,0, ,Not Rated,Standard,No,No,0,0,0,2006/MERCEDES-BENZ/MAYBACH/2006 Mercedes-Benz Maybach 4-DR w_SAB.png
1967,2006,MERCEDES-BENZ,ML-CLASS,2006 Mercedes-Benz ML-Class 4-DR,https://static.nhtsa.gov/images/vehicles/2975_st0640_046.png,Not Rated,Not Rated,5,5,Not Rated,5,5,Not Rated,Not Rated,Not Rated,4,Not Rated,0.179,0,No Tip,Not Rated,Standard,No,No,211,4,0,2006/MERCEDES-BENZ/ML-CLASS/2006 Mercedes-Benz ML-Class 4-DR.png
1972,2006,MERCEDES-BENZ,R-CLASS,2006 Mercedes-Benz R-Class 4-DR.,https://static.nhtsa.gov/images/vehicles/3259_st0640_046.png,Not Rated,Not Rated,Not Rated,Not Rated,Not Rated,Not Rated,Not Rated,Not Rated,Not Rated,Not Rated,Not Rated,Not Rated,0,0, ,Not Rated,Standard,No,No,128,6,0,2006/MERCEDES-BENZ/R-CLASS/2006 Mercedes-Benz R-Class 4-DR..png
1968,2006,MERCEDES-BENZ,S-CLASS,2006 Mercedes-Benz S-Class 4-DR,https://static.nhtsa.gov/images/vehicles/3006_st0640_046.png,Not Rated,Not Rated,Not Rated,Not Rated,Not Rated,Not Rated,Not Rated,Not Rated,Not Rated,Not Rated,Not Rated,Not Rated,0,0, ,Not Rated,Standard,No,No,30,1,0,2006/MERCEDES-BENZ/S-CLASS/2006 Mercedes-Benz S-Class 4-DR.png
1969,2006,MERCEDES-BENZ,SL-CLASS,2006 Mercedes-Benz SL-Class C-DR,https://static.nhtsa.gov/images/vehicles/3127_st0640_046.png,Not Rated,Not Rated,Not Rated,Not Rated,Not Rated,Not Rated,Not Rated,Not Rated,Not Rated,Not Rated,Not Rated,Not Rated,0,0, ,Not Rated,Standard,No,No,18,2,0,2006/MERCEDES-BENZ/SL-CLASS/2006 Mercedes-Benz SL-Class C-DR.png
1970,2006,MERCEDES-BENZ,SLK-CLASS,2006 Mercedes-Benz SLK-Class - Convertible,https://static.nhtsa.gov/images/vehicles/3048_st0640_046.png,Not Rated,Not Rated,Not Rated,Not Rated,Not Rated,Not Rated,Not Rated,Not Rated,Not Rated,Not Rated,Not Rated,Not Rated,0,0, ,Not Rated,Standard,No,No,34,1,0,2006/MERCEDES-BENZ/SLK-CLASS/2006 Mercedes-Benz SLK-Class - Convertible.png
1971,2006,MERCEDES-BENZ,SLR-CLASS,2006 Mercedes-Benz SLR-Class 2-DR,https://static.nhtsa.gov/images/vehicles/3519_st0640_046.png,Not Rated,Not Rated,Not Rated,Not Rated,Not Rated,Not Rated,Not Rated,Not Rated,Not Rated,Not Rated,Not Rated,Not Rated,0,0, ,Not Rated,Standard,No,No,0,1,0,2006/MERCEDES-BENZ/SLR-CLASS/2006 Mercedes-Benz SLR-Class 2-DR.png
1761,2006,MERCURY,GRAND MARQUIS,2006 Mercury Grand Marquis  4-DR.,,Not Rated,Not Rated,5,5,Not Rated,4,5,Not Rated,Not Rated,Not Rated,Not Rated,5,0,0.09, ,Not Rated,No,No,No,141,3,1,2006/MERCURY/GRAND MARQUIS/2006 Mercury Grand Marquis  4-DR..png
1762,2006,MERCURY,GRAND MARQUIS,2006 Mercury Grand Marquis 4-DR. w/SAB,,Not Rated,Not Rated,5,5,Not Rated,5,5,Not Rated,Not Rated,Not Rated,Not Rated,5,0,0.09, ,Not Rated,No,No,No,141,3,1,2006/MERCURY/GRAND MARQUIS/2006 Mercury Grand Marquis 4-DR. w_SAB.png
1763,2006,MERCURY,MARINER,2006 Mercury Mariner 4-DR,https://static.nhtsa.gov/images/vehicles/2797_st0640_046.png,Not Rated,Not Rated,4,4,Not Rated,5,5,Not Rated,Not Rated,Not Rated,3,3,0.209,0.237,Tip,Not Rated,No,No,No,63,4,0,2006/MERCURY/MARINER/2006 Mercury Mariner 4-DR.png
1766,2006,MERCURY,MARINER HYBRID,2006 Mercury Mariner Hybrid 4-DR,https://static.nhtsa.gov/images/vehicles/3485_st0640_046.png,Not Rated,Not Rated,4,4,Not Rated,5,5,Not Rated,Not Rated,Not Rated,Not Rated,Not Rated,0,0, ,Not Rated,No,No,No,38,0,1,2006/MERCURY/MARINER HYBRID/2006 Mercury Mariner Hybrid 4-DR.png
1889,2006,MERCURY,MILAN,2006 Mercury Milan 4-DR.,https://static.nhtsa.gov/images/vehicles/3200_st0640_046.png,Not Rated,Not Rated,4,4,Not Rated,4,4,Not Rated,Not Rated,Not Rated,Not Rated,4,0,0.105, ,Not Rated,No,No,No,213,5,1,2006/MERCURY/MILAN/2006 Mercury Milan 4-DR..png
1988,2006,MERCURY,MILAN,2006 Mercury Milan 4-DR. w/SAB,https://static.nhtsa.gov/images/vehicles/3200_st0640_046.png,Not Rated,Not Rated,4,4,Not Rated,5,4,Not Rated,Not Rated,Not Rated,Not Rated,4,0,0.105, ,Not Rated,No,No,No,213,5,1,2006/MERCURY/MILAN/2006 Mercury Milan 4-DR. w_SAB.png
1764,2006,MERCURY,MONTEGO,2006 Mercury Montego 4-DR,https://static.nhtsa.gov/images/vehicles/2793_st0640_046.png,Not Rated,Not Rated,5,5,Not Rated,5,5,Not Rated,Not Rated,Not Rated,Not Rated,4,0,0.105, ,Not Rated,No,No,No,84,0,1,2006/MERCURY/MONTEGO/2006 Mercury Montego 4-DR.png
2373,2006,MERCURY,MONTEGO,2006 Mercury Montego 4-DR w/SAB,https://static.nhtsa.gov/images/vehicles/2793_st0640_046.png,Not Rated,Not Rated,5,5,Not Rated,5,5,Not Rated,Not Rated,Not Rated,Not Rated,4,0,0.105, ,Not Rated,No,No,No,84,0,1,2006/MERCURY/MONTEGO/2006 Mercury Montego 4-DR w_SAB.png
1765,2006,MERCURY,MONTEREY,2006 Mercury Monterey,https://static.nhtsa.gov/images/vehicles/2821_st0640_046.png,Not Rated,Not Rated,5,5,Not Rated,4,5,Not Rated,Not Rated,Not Rated,Not Rated,4,0,0.147, ,Not Rated,Optional,No,No,44,3,3,2006/MERCURY/MONTEREY/2006 Mercury Monterey.png
1887,2006,MERCURY,MOUNTAINEER,2006 Mercury Mountaineer 4-DR. w/SAB,https://static.nhtsa.gov/images/vehicles/3294_st0640_046.png,Not Rated,Not Rated,5,5,Not Rated,5,5,Not Rated,Not Rated,Not Rated,3,3,0.228,0.237,No Tip,Not Rated,Standard,No,No,117,2,0,2006/MERCURY/MOUNTAINEER/2006 Mercury Mountaineer 4-DR. w_SAB.png
1826,2006,MINI,COOPER,2006 MINI Cooper 2-DR. w/SAB,https://static.nhtsa.gov/images/vehicles/2901_st0640_046.png,Not Rated,Not Rated,4,4,Not Rated,4,Not Rated,Not Rated,Not Rated,Not Rated,Not Rated,4,0,0.103, ,Not Rated,Optional,No,No,413,1,0,2006/MINI/COOPER/2006 MINI Cooper 2-DR. w_SAB.png
1940,2006,MITSUBISHI,ECLIPSE,2006 Mitsubishi Eclipse 2-DR,https://static.nhtsa.gov/images/vehicles/3063_st0640_046.png,Not Rated,Not Rated,Not Rated,Not Rated,Not Rated,Not Rated,Not Rated,Not Rated,Not Rated,Not Rated,Not Rated,Not Rated,0,0, ,Not Rated,No,No,No,97,4,0,2006/MITSUBISHI/ECLIPSE/2006 Mitsubishi Eclipse 2-DR.png
1941,2006,MITSUBISHI,ECLIPSE SPYDER,2006 Mitsubishi Eclipse Spyder Convertible,https://static.nhtsa.gov/images/vehicles/3063_st0640_046.png,Not Rated,Not Rated,Not Rated,Not Rated,Not Rated,Not Rated,Not Rated,Not Rated,Not Rated,Not Rated,Not Rated,Not Rated,0,0, ,Not Rated,No,No,No,97,4,0,2006/MITSUBISHI/ECLIPSE SPYDER/2006 Mitsubishi Eclipse Spyder Convertible.png
1767,2006,MITSUBISHI,ENDEAVOR,2006 Mitsubishi Endeavor 4-DR. w/SAB,https://static.nhtsa.gov/images/vehicles/3290_st0640_046.png,Not Rated,Not Rated,5,4,Not Rated,5,5,Not Rated,Not Rated,Not Rated,Not Rated,Not Rated,0,0, ,Not Rated,Optional,No,No,19,5,1,2006/MITSUBISHI/ENDEAVOR/2006 Mitsubishi Endeavor 4-DR. w_SAB.png
1768,2006,MITSUBISHI,GALANT,2006 Mitsubishi Galant 4-DR. w/SAB,https://static.nhtsa.gov/images/vehicles/3331_st0640_046.png,Not Rated,Not Rated,5,5,Not Rated,5,5,Not Rated,Not Rated,Not Rated,Not Rated,4,0,0.107, ,Not Rated,No,No,No,24,1,0,2006/MITSUBISHI/GALANT/2006 Mitsubishi Galant 4-DR. w_SAB.png
1769,2006,MITSUBISHI,LANCER,2006 Mitsubishi Lancer 4-DR.,https://static.nhtsa.gov/images/vehicles/3330_st0640_046.png,Not Rated,Not Rated,5,5,Not Rated,2,4,Not Rated,Not Rated,Not Rated,Not Rated,4,0,0.107, ,Not Rated,No,No,No,37,7,0,2006/MITSUBISHI/LANCER/2006 Mitsubishi Lancer 4-DR..png
1942,2006,MITSUBISHI,LANCER EVOLUTION,2006 Mitsubishi Lancer Evolution 4-DR,https://static.nhtsa.gov/images/vehicles/3505_st0640_046.png,Not Rated,Not Rated,Not Rated,Not Rated,Not Rated,Not Rated,Not Rated,Not Rated,Not Rated,Not Rated,Not Rated,Not Rated,0,0, ,Not Rated,No,No,No,34,2,0,2006/MITSUBISHI/LANCER EVOLUTION/2006 Mitsubishi Lancer Evolution 4-DR.png
1943,2006,MITSUBISHI,MONTERO,2006 Mitsubishi Montero 4-DR w/SAB,https://static.nhtsa.gov/images/vehicles/2898_st0640_046.png,Not Rated,Not Rated,Not Rated,Not Rated,Not Rated,Not Rated,Not Rated,Not Rated,Not Rated,Not Rated,Not Rated,Not Rated,0,0, ,Not Rated,Standard,No,No,4,0,0,2006/MITSUBISHI/MONTERO/2006 Mitsubishi Montero 4-DR w_SAB.png
1944,2006,MITSUBISHI,OUTLANDER,2006 Mitsubishi Outlander 4-DR w/SAB,https://static.nhtsa.gov/images/vehicles/3504_st0640_046.png,Not Rated,Not Rated,Not Rated,Not Rated,Not Rated,Not Rated,Not Rated,Not Rated,Not Rated,Not Rated,Not Rated,Not Rated,0,0, ,Not Rated,No,No,No,20,1,0,2006/MITSUBISHI/OUTLANDER/2006 Mitsubishi Outlander 4-DR w_SAB.png
1827,2006,NISSAN,350Z,2006 Nissan 350Z 2-DR.,https://static.nhtsa.gov/images/vehicles/3478_st0640_046.png,Not Rated,Not Rated,Not Rated,Not Rated,Not Rated,5,Not Rated,Not Rated,Not Rated,Not Rated,Not Rated,5,0,0.082, ,Not Rated,Optional,No,No,53,1,2,2006/NISSAN/350Z/2006 Nissan 350Z 2-DR..png
1770,2006,NISSAN,ALTIMA,2006 Nissan Altima 4-DR.,https://static.nhtsa.gov/images/vehicles/3327_st0640_046.png,Not Rated,Not Rated,5,5,Not Rated,3,3,Not Rated,Not Rated,Not Rated,Not Rated,4,0,0.103, ,Not Rated,No,No,No,821,4,0,2006/NISSAN/ALTIMA/2006 Nissan Altima 4-DR..png
1945,2006,NISSAN,ARMADA,2006 Nissan Armada 4-DR w/SAB,https://static.nhtsa.gov/images/vehicles/2958_st0640_046.png,Not Rated,Not Rated,4,5,Not Rated,Not Rated,Not Rated,Not Rated,Not Rated,Not Rated,3,3,0.219,0.212,No Tip,Not Rated,Standard,No,No,264,5,1,2006/NISSAN/ARMADA/2006 Nissan Armada 4-DR w_SAB.png
1771,2006,NISSAN,FRONTIER CREW CAB,2006 Nissan Frontier 4-DR.,https://static.nhtsa.gov/images/vehicles/2887_st0640_046.png,Not Rated,Not Rated,4,4,Not Rated,5,5,Not Rated,Not Rated,Not Rated,4,3,0.198,0.212,No Tip,Not Rated,Optional,No,No,613,7,1,2006/NISSAN/FRONTIER CREW CAB/2006 Nissan Frontier 4-DR..png
1946,2006,NISSAN,FRONTIER KING CAB,2006 Nissan Frontier Extended Cab,https://static.nhtsa.gov/images/vehicles/2832_st0640_046.png,Not Rated,Not Rated,3,3,Not Rated,5,Not Rated,Not Rated,Not Rated,Not Rated,4,3,0.198,0.212,No Tip,Not Rated,Optional,No,No,613,7,1,2006/NISSAN/FRONTIER KING CAB/2006 Nissan Frontier Extended Cab.png
1772,2006,NISSAN,MAXIMA,2006 Nissan Maxima 4-DR. w/SAB,https://static.nhtsa.gov/images/vehicles/3329_st0640_046.png,Not Rated,Not Rated,5,4,Not Rated,4,4,Not Rated,Not Rated,Not Rated,Not Rated,4,0,0.107, ,Not Rated,Optional,No,No,576,2,0,2006/NISSAN/MAXIMA/2006 Nissan Maxima 4-DR. w_SAB.png
1810,2006,NISSAN,MURANO,2006 Nissan Murano 4-DR. w/SAB,https://static.nhtsa.gov/images/vehicles/3431_st0640_046.png,Not Rated,Not Rated,5,5,Not Rated,5,5,Not Rated,Not Rated,Not Rated,4,4,0.151,0.159,No Tip,Not Rated,Optional,No,No,802,4,2,2006/NISSAN/MURANO/2006 Nissan Murano 4-DR. w_SAB.png
1773,2006,NISSAN,PATHFINDER,2006 Nissan Pathfinder 4-DR,https://static.nhtsa.gov/images/vehicles/3421_st0640_046.png,Not Rated,Not Rated,4,4,Not Rated,5,5,Not Rated,Not Rated,Not Rated,3,3,0.228,0.237,No Tip,Not Rated,Standard,No,No,836,5,1,2006/NISSAN/PATHFINDER/2006 Nissan Pathfinder 4-DR.png
1774,2006,NISSAN,QUEST,2006 Nissan Quest Van w/SAB,https://static.nhtsa.gov/images/vehicles/2937_st0640_046.png,Not Rated,Not Rated,5,5,Not Rated,5,5,Not Rated,Not Rated,Not Rated,Not Rated,4,0,0.121, ,Not Rated,Optional,No,No,74,1,0,2006/NISSAN/QUEST/2006 Nissan Quest Van w_SAB.png
1775,2006,NISSAN,SENTRA,2006 Nissan Sentra 4-DR.,https://static.nhtsa.gov/images/vehicles/3424_st0640_046.png,Not Rated,Not Rated,4,4,Not Rated,2,Not Rated,Not Rated,Not Rated,Not Rated,Not Rated,4,0,0.116, ,Not Rated,No,No,No,115,6,3,2006/NISSAN/SENTRA/2006 Nissan Sentra 4-DR..png
1776,2006,NISSAN,TITAN,2006 Nissan Titan 4-DR.,https://static.nhtsa.gov/images/vehicles/2140_st0640_046.png,Not Rated,Not Rated,5,4,Not Rated,Not Rated,Not Rated,Not Rated,Not Rated,Not Rated,3,4,0.212,0.191,No Tip,Not Rated,Optional,No,No,428,7,1,2006/NISSAN/TITAN/2006 Nissan Titan 4-DR..png
1947,2006,NISSAN,TITAN,2006 Nissan Titan Extended Cab,https://static.nhtsa.gov/images/vehicles/2140_st0640_046.png,Not Rated,Not Rated,5,4,Not Rated,Not Rated,Not Rated,Not Rated,Not Rated,Not Rated,3,4,0.212,0.191,No Tip,Not Rated,Optional,No,No,428,7,1,2006/NISSAN/TITAN/2006 Nissan Titan Extended Cab.png
1777,2006,NISSAN,XTERRA,2006 Nissan Xterra 4-DR,https://static.nhtsa.gov/images/vehicles/3430_st0640_046.png,Not Rated,Not Rated,4,4,Not Rated,5,5,Not Rated,Not Rated,Not Rated,3,3,0.256,0.246,No Tip,Not Rated,Standard,No,No,778,5,1,2006/NISSAN/XTERRA/2006 Nissan Xterra 4-DR.png
1778,2006,PONTIAC,G6,2006 Pontiac G6 4-DR w/SAB,https://static.nhtsa.gov/images/vehicles/3131_st0640_046.png,Not Rated,Not Rated,5,4,Not Rated,5,5,Not Rated,Not Rated,Not Rated,Not Rated,4,0,0.105, ,Not Rated,Optional,No,No,1896,7,4,2006/PONTIAC/G6/2006 Pontiac G6 4-DR w_SAB.png
1857,2006,PONTIAC,G6,2006 Pontiac G6 2-DR.,https://static.nhtsa.gov/images/vehicles/3064_st0640_046.png,Not Rated,Not Rated,5,4,Not Rated,3,5,Not Rated,Not Rated,Not Rated,Not Rated,5,0,0.099, ,Not Rated,Optional,No,No,1896,7,4,2006/PONTIAC/G6/2006 Pontiac G6 2-DR..png
1814,2006,PONTIAC,GRAND PRIX,2006 Pontiac Grand Prix 4-DR.,https://static.nhtsa.gov/images/vehicles/3214_st0640_046.png,Not Rated,Not Rated,5,4,Not Rated,3,3,Not Rated,Not Rated,Not Rated,Not Rated,4,0,0.109, ,Not Rated,Optional,No,No,239,2,2,2006/PONTIAC/GRAND PRIX/2006 Pontiac Grand Prix 4-DR..png
1851,2006,PONTIAC,GTO,2006 Pontiac GTO 2-DR.,https://static.nhtsa.gov/images/vehicles/2849_st0640_046.png,Not Rated,Not Rated,Not Rated,Not Rated,Not Rated,Not Rated,Not Rated,Not Rated,Not Rated,Not Rated,Not Rated,Not Rated,0,0, ,Not Rated,No,No,No,216,0,1,2006/PONTIAC/GTO/2006 Pontiac GTO 2-DR..png
1779,2006,PONTIAC,MONTANA SV6,2006 Pontiac Montana SV6 Van,https://static.nhtsa.gov/images/vehicles/3216_st0640_046.png,Not Rated,Not Rated,5,5,Not Rated,4,5,Not Rated,Not Rated,Not Rated,Not Rated,3,0,0.204, ,Not Rated,Optional,No,No,0,0,0,2006/PONTIAC/MONTANA SV6/2006 Pontiac Montana SV6 Van.png
1855,2006,PONTIAC,SOLSTICE,2006 Pontiac Solstice Convertible,https://static.nhtsa.gov/images/vehicles/3068_st0640_046.png,Not Rated,Not Rated,Not Rated,Not Rated,Not Rated,Not Rated,Not Rated,Not Rated,Not Rated,Not Rated,Not Rated,Not Rated,0,0, ,Not Rated,No,No,No,242,5,3,2006/PONTIAC/SOLSTICE/2006 Pontiac Solstice Convertible.png
1780,2006,PONTIAC,TORRENT,2006 Pontiac Torrent 4-DR.,https://static.nhtsa.gov/images/vehicles/3082_st0640_046.png,Not Rated,Not Rated,5,5,Not Rated,5,5,Not Rated,Not Rated,Not Rated,4,4,0.187,0.198,Tip,Not Rated,No,No,No,240,0,0,2006/PONTIAC/TORRENT/2006 Pontiac Torrent 4-DR..png
1781,2006,PONTIAC,VIBE,2006 Pontiac Vibe 4-DR.,https://static.nhtsa.gov/images/vehicles/3436_st0640_046.png,Not Rated,Not Rated,5,4,Not Rated,3,4,Not Rated,Not Rated,Not Rated,4,4,0.14,0.151,No Tip,Not Rated,Optional,No,No,176,5,2,2006/PONTIAC/VIBE/2006 Pontiac Vibe 4-DR..png
1953,2006,PORSCHE,911 CARRERA,2006 Porsche 911 Carrera 2-DR w/SAB,https://static.nhtsa.gov/images/vehicles/3579_st0640_046.png,Not Rated,Not Rated,Not Rated,Not Rated,Not Rated,Not Rated,Not Rated,Not Rated,Not Rated,Not Rated,Not Rated,Not Rated,0,0, ,Not Rated,Standard,No,No,6,2,0,2006/PORSCHE/911 CARRERA/2006 Porsche 911 Carrera 2-DR w_SAB.png
1957,2006,PORSCHE,911 CARRERA 4,2006 Porsche 911 Carrera 4 2-DR w/SAB,https://static.nhtsa.gov/images/vehicles/3579_st0640_046.png,Not Rated,Not Rated,Not Rated,Not Rated,Not Rated,Not Rated,Not Rated,Not Rated,Not Rated,Not Rated,Not Rated,Not Rated,0,0, ,Not Rated,Standard,No,No,6,2,0,2006/PORSCHE/911 CARRERA 4/2006 Porsche 911 Carrera 4 2-DR w_SAB.png
1954,2006,PORSCHE,911 CARRERA CABRIOLET,2006 Porsche 911 Carrera Cabriolet Convertible,https://static.nhtsa.gov/images/vehicles/2921_st0640_046.png,Not Rated,Not Rated,Not Rated,Not Rated,Not Rated,Not Rated,Not Rated,Not Rated,Not Rated,Not Rated,Not Rated,Not Rated,0,0, ,Not Rated,Standard,No,No,4,1,0,2006/PORSCHE/911 CARRERA CABRIOLET/2006 Porsche 911 Carrera Cabriolet Convertible.png
1955,2006,PORSCHE,BOXSTER,2006 Porsche Boxster Convertible w/SAB,https://static.nhtsa.gov/images/vehicles/2861_st0640_046.png,Not Rated,Not Rated,Not Rated,Not Rated,Not Rated,Not Rated,Not Rated,Not Rated,Not Rated,Not Rated,Not Rated,Not Rated,0,0, ,Not Rated,Standard,No,No,5,0,0,2006/PORSCHE/BOXSTER/2006 Porsche Boxster Convertible w_SAB.png
1956,2006,PORSCHE,CAYENNE,2006 Porsche Cayenne 4-DR w/SAB,https://static.nhtsa.gov/images/vehicles/3580_st0640_046.png,Not Rated,Not Rated,Not Rated,Not Rated,Not Rated,Not Rated,Not Rated,Not Rated,Not Rated,Not Rated,Not Rated,Not Rated,0,0, ,Not Rated,Standard,No,No,53,3,1,2006/PORSCHE/CAYENNE/2006 Porsche Cayenne 4-DR w_SAB.png
1958,2006,PORSCHE,CAYMAN S,2006 Porsche Cayman S 2-DR w/SAB,https://static.nhtsa.gov/images/vehicles/3499_st0640_046.png,Not Rated,Not Rated,Not Rated,Not Rated,Not Rated,Not Rated,Not Rated,Not Rated,Not Rated,Not Rated,Not Rated,Not Rated,0,0, ,Not Rated,Standard,No,No,12,0,0,2006/PORSCHE/CAYMAN S/2006 Porsche Cayman S 2-DR w_SAB.png
1959,2006,ROLLS-ROYCE,PHANTOM,2006 Rolls-Royce Phantom 4-DR. w/SAB,,Not Rated,Not Rated,Not Rated,Not Rated,Not Rated,Not Rated,Not Rated,Not Rated,Not Rated,Not Rated,Not Rated,Not Rated,0,0, ,Not Rated,Standard,No,No,0,2,0,2006/ROLLS-ROYCE/PHANTOM/2006 Rolls-Royce Phantom 4-DR. w_SAB.png
1861,2006,SAAB,9-2X,2006 Saab 9-2X Wagon 4-DR. w/SAB,https://static.nhtsa.gov/images/vehicles/3474_st0640_046.png,Not Rated,Not Rated,4,5,Not Rated,4,4,Not Rated,Not Rated,Not Rated,4,Not Rated,0.118,0,No Tip,Not Rated,No,No,No,10,7,1,2006/SAAB/9-2X/2006 Saab 9-2X Wagon 4-DR. w_SAB.png
1862,2006,SAAB,9-3,2006 Saab 9-3 Convertible w/SAB,https://static.nhtsa.gov/images/vehicles/3347_st0640_046.png,Not Rated,Not Rated,Not Rated,Not Rated,Not Rated,Not Rated,Not Rated,Not Rated,Not Rated,Not Rated,Not Rated,Not Rated,0,0, ,Not Rated,Standard,No,No,178,3,4,2006/SAAB/9-3/2006 Saab 9-3 Convertible w_SAB.png
1863,2006,SAAB,9-3,2006 Saab 9-3 4-DR w/SAB,https://static.nhtsa.gov/images/vehicles/3348_st0640_046.png,Not Rated,Not Rated,Not Rated,Not Rated,Not Rated,Not Rated,Not Rated,Not Rated,Not Rated,Not Rated,Not Rated,Not Rated,0,0, ,Not Rated,Standard,No,No,178,3,4,2006/SAAB/9-3/2006 Saab 9-3 4-DR w_SAB.png
1828,2006,SAAB,9-5,2006 Saab 9-5 4-DR. w/SAB,https://static.nhtsa.gov/images/vehicles/3472_st0640_046.png,Not Rated,Not Rated,5,5,Not Rated,5,4,Not Rated,Not Rated,Not Rated,Not Rated,4,0,0.118, ,Not Rated,Standard,No,No,23,2,1,2006/SAAB/9-5/2006 Saab 9-5 4-DR. w_SAB.png
1871,2006,SAAB,9-7X,2006 Saab 9-7X 4-DR w/SAB,https://static.nhtsa.gov/images/vehicles/3027_st0640_046.png,Not Rated,Not Rated,3,4,Not Rated,Not Rated,Not Rated,Not Rated,Not Rated,Not Rated,Not Rated,Not Rated,0,0, ,Not Rated,Standard,No,No,59,4,4,2006/SAAB/9-7X/2006 Saab 9-7X 4-DR w_SAB.png
1782,2006,SATURN,ION,2006 Saturn Ion 2-DR.,https://static.nhtsa.gov/images/vehicles/2848_st0640_046.png,Not Rated,Not Rated,5,5,Not Rated,4,4,Not Rated,Not Rated,Not Rated,Not Rated,4,0,0.116, ,Not Rated,No,No,No,1235,6,2,2006/SATURN/ION/2006 Saturn Ion 2-DR..png
1783,2006,SATURN,ION,2006 Saturn Ion 4-DR.,https://static.nhtsa.gov/images/vehicles/3028_st0640_046.png,Not Rated,Not Rated,5,5,Not Rated,3,4,Not Rated,Not Rated,Not Rated,Not Rated,4,0,0.116, ,Not Rated,No,No,No,1235,6,2,2006/SATURN/ION/2006 Saturn Ion 4-DR..png
1784,2006,SATURN,RELAY,2006 Saturn Relay,https://static.nhtsa.gov/images/vehicles/3050_st0640_046.png,Not Rated,Not Rated,5,5,Not Rated,4,5,Not Rated,Not Rated,Not Rated,Not Rated,3,0,0.204, ,Not Rated,Optional,No,No,19,2,2,2006/SATURN/RELAY/2006 Saturn Relay.png
1785,2006,SATURN,VUE,2006 Saturn VUE 4-DR.,https://static.nhtsa.gov/images/vehicles/3047_st0640_046.png,Not Rated,Not Rated,5,5,Not Rated,5,5,Not Rated,Not Rated,Not Rated,3,3,0.209,0.223,Tip,Not Rated,Optional,No,No,299,0,0,2006/SATURN/VUE/2006 Saturn VUE 4-DR..png
1960,2006,SUBARU,BAJA,2006 Subaru Baja 4-DR.,https://static.nhtsa.gov/images/vehicles/3437_st0640_046.png,Not Rated,Not Rated,Not Rated,Not Rated,Not Rated,Not Rated,Not Rated,Not Rated,Not Rated,Not Rated,Not Rated,Not Rated,0,0, ,Not Rated,No,No,No,24,10,2,2006/SUBARU/BAJA/2006 Subaru Baja 4-DR..png
1786,2006,SUBARU,FORESTER,2006 Subaru Forester 4-DR. w/SAB,https://static.nhtsa.gov/images/vehicles/2965_st0640_046.png,Not Rated,Not Rated,5,5,Not Rated,5,5,Not Rated,Not Rated,Not Rated,4,Not Rated,0.159,0,No Tip,Not Rated,No,No,No,88,2,1,2006/SUBARU/FORESTER/2006 Subaru Forester 4-DR. w_SAB.png
1961,2006,SUBARU,IMPREZA,2006 Subaru Impreza Wagon 4-DR w/SAB,https://static.nhtsa.gov/images/vehicles/3054_st0640_046.png,Not Rated,Not Rated,4,5,Not Rated,4,4,Not Rated,Not Rated,Not Rated,4,Not Rated,0.118,0,No Tip,Not Rated,No,No,No,54,10,1,2006/SUBARU/IMPREZA/2006 Subaru Impreza Wagon 4-DR w_SAB.png
1998,2006,SUBARU,IMPREZA,2006 Subaru Impreza 4-DR w/SAB,https://static.nhtsa.gov/images/vehicles/3054_st0640_046.png,Not Rated,Not Rated,4,5,Not Rated,4,4,Not Rated,Not Rated,Not Rated,4,Not Rated,0.118,0,No Tip,Not Rated,No,No,No,54,10,1,2006/SUBARU/IMPREZA/2006 Subaru Impreza 4-DR w_SAB.png
1962,2006,SUBARU,LEGACY,2006 Subaru Legacy 4-DR. w/SAB,https://static.nhtsa.gov/images/vehicles/3530_st0640_046.png,Not Rated,Not Rated,5,5,Not Rated,Not Rated,Not Rated,Not Rated,Not Rated,Not Rated,Not Rated,Not Rated,0,0, ,Not Rated,No,No,No,87,7,0,2006/SUBARU/LEGACY/2006 Subaru Legacy 4-DR. w_SAB.png
1787,2006,SUBARU,OUTBACK,2006 Subaru Outback 4-DR  Wagon w/SAB,https://static.nhtsa.gov/images/vehicles/3468_st0640_046.png,Not Rated,Not Rated,5,5,Not Rated,5,5,Not Rated,Not Rated,Not Rated,4,Not Rated,0.159,0,No Tip,Not Rated,Optional,No,No,279,7,0,2006/SUBARU/OUTBACK/2006 Subaru Outback 4-DR  Wagon w_SAB.png
1963,2006,SUBARU,TRIBECA,2006 Subaru B9 Tribeca 4-DR. w/SAB,,Not Rated,Not Rated,5,5,Not Rated,5,5,Not Rated,Not Rated,Not Rated,4,Not Rated,0.164,0,No Tip,Not Rated,Standard,No,No,93,8,0,2006/SUBARU/TRIBECA/2006 Subaru B9 Tribeca 4-DR. w_SAB.png
1909,2006,SUZUKI,AERIO,2006 Suzuki Aerio 4-DR w/SAB,https://static.nhtsa.gov/images/vehicles/2910_st0640_046.png,Not Rated,Not Rated,Not Rated,Not Rated,Not Rated,Not Rated,Not Rated,Not Rated,Not Rated,Not Rated,Not Rated,Not Rated,0,0, ,Not Rated,No,No,No,27,1,0,2006/SUZUKI/AERIO/2006 Suzuki Aerio 4-DR w_SAB.png
1829,2006,SUZUKI,FORENZA,2006 Suzuki Forenza 4-DR. w/SAB,https://static.nhtsa.gov/images/vehicles/3275_st0640_046.png,Not Rated,Not Rated,4,4,Not Rated,Not Rated,Not Rated,Not Rated,Not Rated,Not Rated,Not Rated,4,0,0.116, ,Not Rated,No,No,No,280,4,0,2006/SUZUKI/FORENZA/2006 Suzuki Forenza 4-DR. w_SAB.png
1910,2006,SUZUKI,GRAND VITARA,2006 Suzuki Grand Vitara 4-DR. w/SAB,https://static.nhtsa.gov/images/vehicles/3195_st0640_046.png,Not Rated,Not Rated,4,4,Not Rated,5,5,Not Rated,Not Rated,Not Rated,4,4,0.185,0.191,No Tip,Not Rated,Standard,No,No,160,6,1,2006/SUZUKI/GRAND VITARA/2006 Suzuki Grand Vitara 4-DR. w_SAB.png
1911,2006,SUZUKI,GRAND VITARA XL-7,2006 Suzuki Grand Vitara XL7 4-DR,https://static.nhtsa.gov/images/vehicles/3195_st0640_046.png,Not Rated,Not Rated,Not Rated,Not Rated,Not Rated,Not Rated,Not Rated,Not Rated,Not Rated,Not Rated,Not Rated,Not Rated,0,0, ,Not Rated,No,No,No,188,7,1,2006/SUZUKI/GRAND VITARA XL-7/2006 Suzuki Grand Vitara XL7 4-DR.png
1912,2006,SUZUKI,RENO,2006 Suzuki Reno 5-DR w/SAB,https://static.nhtsa.gov/images/vehicles/2738_st0640_046.png,Not Rated,Not Rated,Not Rated,Not Rated,Not Rated,Not Rated,Not Rated,Not Rated,Not Rated,Not Rated,Not Rated,Not Rated,0,0, ,Not Rated,No,No,No,63,4,0,2006/SUZUKI/RENO/2006 Suzuki Reno 5-DR w_SAB.png
1788,2006,SUZUKI,VERONA,2006 Suzuki Verona 4-DR w/SAB,https://static.nhtsa.gov/images/vehicles/3276_st0640_046.png,Not Rated,Not Rated,3,4,Not Rated,4,3,Not Rated,Not Rated,Not Rated,Not Rated,4,0,0.109, ,Not Rated,No,No,No,8,2,0,2006/SUZUKI/VERONA/2006 Suzuki Verona 4-DR w_SAB.png
1830,2006,TOYOTA,4RUNNER,2006 Toyota 4Runner 4-DR.,https://static.nhtsa.gov/images/vehicles/3298_st0640_046.png,Not Rated,Not Rated,4,4,Not Rated,5,5,Not Rated,Not Rated,Not Rated,3,3,0.204,0.219,No Tip,Not Rated,Standard,No,No,374,5,2,2006/TOYOTA/4RUNNER/2006 Toyota 4Runner 4-DR..png
1789,2006,TOYOTA,AVALON,2006 Toyota Avalon 4-DR. w/SAB,https://static.nhtsa.gov/images/vehicles/3460_st0640_046.png,Not Rated,Not Rated,5,5,Not Rated,5,5,Not Rated,Not Rated,Not Rated,Not Rated,4,0,0.111, ,Not Rated,Optional,No,No,359,7,0,2006/TOYOTA/AVALON/2006 Toyota Avalon 4-DR. w_SAB.png
1790,2006,TOYOTA,CAMRY,2006 Toyota Camry 4-DR.,https://static.nhtsa.gov/images/vehicles/3441_st0640_046.png,Not Rated,Not Rated,5,5,Not Rated,4,3,Not Rated,Not Rated,Not Rated,Not Rated,4,0,0.111, ,Not Rated,Optional,No,No,422,5,1,2006/TOYOTA/CAMRY/2006 Toyota Camry 4-DR..png
1791,2006,TOYOTA,COROLLA,2006 Toyota Corolla 4-DR.,https://static.nhtsa.gov/images/vehicles/3297_st0640_046.png,Not Rated,Not Rated,5,5,Not Rated,4,4,Not Rated,Not Rated,Not Rated,Not Rated,4,0,0.127, ,Not Rated,Optional,No,No,900,11,4,2006/TOYOTA/COROLLA/2006 Toyota Corolla 4-DR..png
1792,2006,TOYOTA,HIGHLANDER,2006 Toyota Highlander 4-DR.,https://static.nhtsa.gov/images/vehicles/3438_st0640_046.png,Not Rated,Not Rated,5,5,Not Rated,5,5,Not Rated,Not Rated,Not Rated,4,4,0.174,0.179,No Tip,Not Rated,Standard,No,No,269,7,2,2006/TOYOTA/HIGHLANDER/2006 Toyota Highlander 4-DR..png
1899,2006,TOYOTA,HIGHLANDER HYBRID,2006 Toyota Highlander Hybrid 4-DR.,https://static.nhtsa.gov/images/vehicles/2962_st0640_046.png,Not Rated,Not Rated,5,5,Not Rated,5,5,Not Rated,Not Rated,Not Rated,Not Rated,Not Rated,0,0, ,Not Rated,Standard,No,No,639,11,4,2006/TOYOTA/HIGHLANDER HYBRID/2006 Toyota Highlander Hybrid 4-DR..png
1900,2006,TOYOTA,LANDCRUISER,2006 Toyota Landcruiser 4-DR,https://static.nhtsa.gov/images/vehicles/3178_st0640_046.png,Not Rated,Not Rated,Not Rated,Not Rated,Not Rated,Not Rated,Not Rated,Not Rated,Not Rated,Not Rated,Not Rated,Not Rated,0,0, ,Not Rated,Standard,No,No,9,2,0,2006/TOYOTA/LANDCRUISER/2006 Toyota Landcruiser 4-DR.png
1793,2006,TOYOTA,MATRIX,2006 Toyota Matrix 4-DR.,https://static.nhtsa.gov/images/vehicles/2938_st0640_046.png,Not Rated,Not Rated,5,4,Not Rated,3,4,Not Rated,Not Rated,Not Rated,4,4,0.14,0.151,No Tip,Not Rated,Optional,No,No,169,4,0,2006/TOYOTA/MATRIX/2006 Toyota Matrix 4-DR..png
1989,2006,TOYOTA,PRERUNNER,2006 Toyota Prerunner 2-DR.,https://static.nhtsa.gov/images/vehicles/2864_st0640_046.png,Not Rated,Not Rated,5,5,Not Rated,5,Not Rated,Not Rated,Not Rated,Not Rated,Not Rated,Not Rated,0,0, ,Not Rated,Optional,No,No,0,0,0,2006/TOYOTA/PRERUNNER/2006 Toyota Prerunner 2-DR..png
1990,2006,TOYOTA,PRERUNNER,2006 Toyota Prerunner 4-DR.,https://static.nhtsa.gov/images/vehicles/2864_st0640_046.png,Not Rated,Not Rated,5,5,Not Rated,5,5,Not Rated,Not Rated,Not Rated,Not Rated,Not Rated,0,0, ,Not Rated,Optional,No,No,0,0,0,2006/TOYOTA/PRERUNNER/2006 Toyota Prerunner 4-DR..png
1794,2006,TOYOTA,PRIUS,2006 Toyota Prius 4-DR.,https://static.nhtsa.gov/images/vehicles/3498_st0640_046.png,Not Rated,Not Rated,4,4,Not Rated,4,4,Not Rated,Not Rated,Not Rated,Not Rated,4,0,0.13, ,Not Rated,Optional,No,No,1436,6,3,2006/TOYOTA/PRIUS/2006 Toyota Prius 4-DR..png
1977,2006,TOYOTA,RAV4,2006 Toyota RAV4 4-DR.,https://static.nhtsa.gov/images/vehicles/3454_st0640_046.png,Not Rated,Not Rated,5,4,Not Rated,5,5,Not Rated,Not Rated,Not Rated,4,4,0.174,0.179,No Tip,Not Rated,Standard,No,No,700,11,2,2006/TOYOTA/RAV4/2006 Toyota RAV4 4-DR..png
2366,2006,TOYOTA,RAV4,2006 Toyota RAV4 4-DR. w/SAB,https://static.nhtsa.gov/images/vehicles/3454_st0640_046.png,Not Rated,Not Rated,5,4,Not Rated,5,5,Not Rated,Not Rated,Not Rated,4,4,0.174,0.179,No Tip,Not Rated,Standard,No,No,700,11,2,2006/TOYOTA/RAV4/2006 Toyota RAV4 4-DR. w_SAB.png
1795,2006,TOYOTA,SCION TC,2006 Toyota Scion tC 2-DR,https://static.nhtsa.gov/images/vehicles/3177_st0640_046.png,Not Rated,Not Rated,5,4,Not Rated,4,4,Not Rated,Not Rated,Not Rated,Not Rated,4,0,0.116, ,Not Rated,No,No,No,0,0,0,2006/TOYOTA/SCION TC/2006 Toyota Scion tC 2-DR.png
1796,2006,TOYOTA,SCION XA,2006 Toyota Scion xA 4-DR Hatchback,https://static.nhtsa.gov/images/vehicles/3444_st0640_046.png,Not Rated,Not Rated,4,4,Not Rated,4,4,Not Rated,Not Rated,Not Rated,Not Rated,4,0,0.155, ,Not Rated,No,No,No,0,0,0,2006/TOYOTA/SCION XA/2006 Toyota Scion xA 4-DR Hatchback.png
1901,2006,TOYOTA,SCION XB,2006 Toyota Scion xB Wagon,https://static.nhtsa.gov/images/vehicles/2943_st0640_046.png,Not Rated,Not Rated,4,4,Not Rated,3,4,Not Rated,Not Rated,Not Rated,Not Rated,4,0,0.185, ,Not Rated,Standard,No,No,0,0,0,2006/TOYOTA/SCION XB/2006 Toyota Scion xB Wagon.png
1902,2006,TOYOTA,SEQUOIA,2006 Toyota Sequoia 4-DR,https://static.nhtsa.gov/images/vehicles/2970_st0640_046.png,Not Rated,Not Rated,Not Rated,Not Rated,Not Rated,Not Rated,Not Rated,Not Rated,Not Rated,Not Rated,Not Rated,Not Rated,0,0, ,Not Rated,Standard,No,No,202,10,2,2006/TOYOTA/SEQUOIA/2006 Toyota Sequoia 4-DR.png
1797,2006,TOYOTA,SIENNA,2006 Toyota Sienna w/SAB,https://static.nhtsa.gov/images/vehicles/2947_st0640_046.png,Not Rated,Not Rated,4,5,Not Rated,5,5,Not Rated,Not Rated,Not Rated,Not Rated,4,0,0.159, ,Not Rated,Optional,No,No,1013,11,3,2006/TOYOTA/SIENNA/2006 Toyota Sienna w_SAB.png
1831,2006,TOYOTA,SOLARA,2006 Toyota Camry Solara 2-DR w/SAB,https://static.nhtsa.gov/images/vehicles/3181_st0640_046.png,Not Rated,Not Rated,Not Rated,Not Rated,Not Rated,5,5,Not Rated,Not Rated,Not Rated,Not Rated,4,0,0.116, ,Not Rated,Optional,No,No,107,2,1,2006/TOYOTA/SOLARA/2006 Toyota Camry Solara 2-DR w_SAB.png
1798,2006,TOYOTA,TACOMA,2006 Toyota Tacoma Regular Cab,https://static.nhtsa.gov/images/vehicles/2936_st0640_046.png,Not Rated,Not Rated,5,5,Not Rated,5,Not Rated,Not Rated,Not Rated,Not Rated,4,4,0.191,0.147,No Tip,Not Rated,Optional,No,No,777,11,1,2006/TOYOTA/TACOMA/2006 Toyota Tacoma Regular Cab.png
1903,2006,TOYOTA,TACOMA,2006 Toyota Tacoma 4-DR.,https://static.nhtsa.gov/images/vehicles/3197_st0640_046.png,Not Rated,Not Rated,5,5,Not Rated,5,5,Not Rated,Not Rated,Not Rated,4,4,0.191,0.147,No Tip,Not Rated,Optional,No,No,777,11,1,2006/TOYOTA/TACOMA/2006 Toyota Tacoma 4-DR..png
2358,2006,TOYOTA,TACOMA,2006 Toyota Tacoma Extended Cab,https://static.nhtsa.gov/images/vehicles/2864_st0640_046.png,Not Rated,Not Rated,5,5,Not Rated,5,Not Rated,Not Rated,Not Rated,Not Rated,4,4,0.191,0.147,No Tip,Not Rated,Optional,No,No,777,11,1,2006/TOYOTA/TACOMA/2006 Toyota Tacoma Extended Cab.png
1799,2006,TOYOTA,TUNDRA,2006 Toyota Tundra 4-DR.,https://static.nhtsa.gov/images/vehicles/3299_st0640_046.png,Not Rated,Not Rated,4,5,Not Rated,Not Rated,Not Rated,Not Rated,Not Rated,Not Rated,3,3,0.204,0.212,No Tip,Not Rated,Optional,No,No,532,13,3,2006/TOYOTA/TUNDRA/2006 Toyota Tundra 4-DR..png
1800,2006,TOYOTA,TUNDRA,2006 Toyota Tundra Regular Cab,https://static.nhtsa.gov/images/vehicles/2863_st0640_046.png,Not Rated,Not Rated,4,5,Not Rated,5,Not Rated,Not Rated,Not Rated,Not Rated,3,3,0.204,0.212,No Tip,Not Rated,Optional,No,No,532,13,3,2006/TOYOTA/TUNDRA/2006 Toyota Tundra Regular Cab.png
2360,2006,TOYOTA,TUNDRA,2006 Toyota Tundra Extended Cab,https://static.nhtsa.gov/images/vehicles/2944_st0640_046.png,Not Rated,Not Rated,4,5,Not Rated,5,Not Rated,Not Rated,Not Rated,Not Rated,3,3,0.204,0.212,No Tip,Not Rated,Optional,No,No,532,13,3,2006/TOYOTA/TUNDRA/2006 Toyota Tundra Extended Cab.png
1801,2006,VOLKSWAGEN,GOLF,2006 Volkswagen Golf 4-DR. w/SAB,https://static.nhtsa.gov/images/vehicles/3447_st0640_046.png,Not Rated,Not Rated,5,5,Not Rated,4,4,Not Rated,Not Rated,Not Rated,Not Rated,Not Rated,0,0, ,Not Rated,Optional,No,No,12,3,0,2006/VOLKSWAGEN/GOLF/2006 Volkswagen Golf 4-DR. w_SAB.png
1882,2006,VOLKSWAGEN,GOLF/GTI,2006 Volkswagen Golf/GTI 2-DR w/SAB,https://static.nhtsa.gov/images/vehicles/3447_st0640_046.png,Not Rated,Not Rated,Not Rated,Not Rated,Not Rated,Not Rated,Not Rated,Not Rated,Not Rated,Not Rated,Not Rated,Not Rated,0,0, ,Not Rated,Optional,No,No,43,2,0,2006/VOLKSWAGEN/GOLF/GTI/2006 Volkswagen Golf_GTI 2-DR w_SAB.png
1802,2006,VOLKSWAGEN,JETTA,2006 Volkswagen Jetta 4-DR. w/SAB,https://static.nhtsa.gov/images/vehicles/3656_st0640_046.png,Not Rated,Not Rated,4,4,Not Rated,5,5,Not Rated,Not Rated,Not Rated,Not Rated,4,0,0.121, ,Not Rated,Optional,No,No,580,6,0,2006/VOLKSWAGEN/JETTA/2006 Volkswagen Jetta 4-DR. w_SAB.png
1803,2006,VOLKSWAGEN,NEW BEETLE,2006 Volkswagen New Beetle 2-DR. w/SAB,https://static.nhtsa.gov/images/vehicles/3435_st0640_046.png,Not Rated,Not Rated,4,4,Not Rated,5,3,Not Rated,Not Rated,Not Rated,Not Rated,4,0,0.113, ,Not Rated,Standard,No,No,125,4,0,2006/VOLKSWAGEN/NEW BEETLE/2006 Volkswagen New Beetle 2-DR. w_SAB.png
1883,2006,VOLKSWAGEN,PASSAT,2006 Volkswagen Passat 4-DR. w/SAB,https://static.nhtsa.gov/images/vehicles/3252_st0640_046.png,Not Rated,Not Rated,4,4,Not Rated,5,4,Not Rated,Not Rated,Not Rated,Not Rated,4,0,0.118, ,Not Rated,Standard,No,No,573,7,1,2006/VOLKSWAGEN/PASSAT/2006 Volkswagen Passat 4-DR. w_SAB.png
1884,2006,VOLKSWAGEN,PHAETON,2006 Volkswagen Phaeton 4-DR w/SAB,https://static.nhtsa.gov/images/vehicles/2171_st0640_046.png,Not Rated,Not Rated,Not Rated,Not Rated,Not Rated,Not Rated,Not Rated,Not Rated,Not Rated,Not Rated,Not Rated,Not Rated,0,0, ,Not Rated,Standard,No,No,2,0,0,2006/VOLKSWAGEN/PHAETON/2006 Volkswagen Phaeton 4-DR w_SAB.png
1804,2006,VOLKSWAGEN,TOUAREG,2006 Volkswagen Touareg 4-Dr. w/SAB,https://static.nhtsa.gov/images/vehicles/3420_st0640_046.png,Not Rated,Not Rated,4,4,Not Rated,5,5,Not Rated,Not Rated,Not Rated,Not Rated,Not Rated,0,0, ,Not Rated,Standard,No,No,37,1,0,2006/VOLKSWAGEN/TOUAREG/2006 Volkswagen Touareg 4-Dr. w_SAB.png
1805,2006,VOLVO,S40,2006 Volvo S40 4-DR. w/SAB,https://static.nhtsa.gov/images/vehicles/3142_st0640_046.png,Not Rated,Not Rated,4,5,Not Rated,5,5,Not Rated,Not Rated,Not Rated,Not Rated,4,0,0.111, ,Not Rated,Optional,No,No,59,3,0,2006/VOLVO/S40/2006 Volvo S40 4-DR. w_SAB.png
1806,2006,VOLVO,S60,2006 Volvo S60 4-DR. w/SAB,https://static.nhtsa.gov/images/vehicles/3293_st0640_046.png,Not Rated,Not Rated,4,4,Not Rated,5,5,Not Rated,Not Rated,Not Rated,5,Not Rated,0.093,0,No Tip,Not Rated,Optional,No,No,31,4,0,2006/VOLVO/S60/2006 Volvo S60 4-DR. w_SAB.png
1807,2006,VOLVO,S80,2006 Volvo S80 4-DR. w/SAB,https://static.nhtsa.gov/images/vehicles/3295_st0640_046.png,Not Rated,Not Rated,5,5,Not Rated,5,5,Not Rated,Not Rated,Not Rated,Not Rated,5,0,0.097, ,Not Rated,Optional,No,No,12,4,0,2006/VOLVO/S80/2006 Volvo S80 4-DR. w_SAB.png
1974,2006,VOLVO,V50,2006 Volvo V50 4-DR w/SAB,https://static.nhtsa.gov/images/vehicles/3110_st0640_046.png,Not Rated,Not Rated,Not Rated,Not Rated,Not Rated,Not Rated,Not Rated,Not Rated,Not Rated,Not Rated,Not Rated,Not Rated,0,0, ,Not Rated,Optional,No,No,12,3,0,2006/VOLVO/V50/2006 Volvo V50 4-DR w_SAB.png
1808,2006,VOLVO,V70,2006 Volvo V70 4-DR. Wagon w/SAB,https://static.nhtsa.gov/images/vehicles/3143_st0640_046.png,Not Rated,Not Rated,5,5,Not Rated,5,5,Not Rated,Not Rated,Not Rated,Not Rated,4,0,0.105, ,Not Rated,Optional,No,No,24,4,0,2006/VOLVO/V70/2006 Volvo V70 4-DR. Wagon w_SAB.png
1809,2006,VOLVO,XC70,2006 Volvo XC70 4-DR. Wagon w/SAB,https://static.nhtsa.gov/images/vehicles/3292_st0640_046.png,Not Rated,Not Rated,5,5,Not Rated,5,5,Not Rated,Not Rated,Not Rated,4,Not Rated,0.13,0,No Tip,Not Rated,Optional,No,No,18,3,0,2006/VOLVO/XC70/2006 Volvo XC70 4-DR. Wagon w_SAB.png
1815,2006,VOLVO,XC90,2006 Volvo XC90 4-DR. w/SAB,https://static.nhtsa.gov/images/vehicles/3119_st0640_046.png,Not Rated,Not Rated,5,4,Not Rated,5,5,Not Rated,Not Rated,Not Rated,4,Not Rated,0.179,0,No Tip,Not Rated,Standard,No,No,52,3,0,2006/VOLVO/XC90/2006 Volvo XC90 4-DR. w_SAB.png